 ,Area,X,Y,Perim,BX,BY,Width,Height,Major,Minor,Angle,Circ,Feret,FeretX,FeretY,FeretAngle,MinFeret,AR,Round,Solidity,Mean-DAPI,StdDev-DAPI,Mode-DAPI,Min-DAPI,Max-DAPI,XM-DAPI,YM-DAPI,IntDen-DAPI,Median-DAPI,RawIntDen-DAPI,Mean-Sox2,StdDev-Sox2,Mode-Sox2,Min-Sox2,Max-Sox2,XM-Sox2,YM-Sox2,IntDen-Sox2,Median-Sox2,RawIntDen-Sox2,Mean-Klf4,StdDev-Klf4,Mode-Klf4,Min-Klf4,Max-Klf4,XM-Klf4,YM-Klf4,IntDen-Klf4,Median-Klf4,RawIntDen-Klf4,Mean-Sox9,StdDev-Sox9,Mode-Sox9,Min-Sox9,Max-Sox9,XM-Sox9,YM-Sox9,IntDen-Sox9,Median-Sox9,RawIntDen-Sox9
1,23.722,13.572,127.551,20.957,9.975,129.167,8.207,3.788,8.095,3.731,9.238,0.679,8.516,9.975,2.273,15.479,3.788,2.17,0.461,0.969,116.403,25.948,126,41,198,13.664,127.616,2761.318,119,173208,16.278,5.116,13,4,36,13.611,127.57,386.136,16,24221,8.756,5.647,5,0,39,13.83,127.644,207.711,8,13029,26.261,16.636,17,4,130,13.335,127.557,622.958,22,39076
2,13.344,22.183,127.88,15.236,19.571,129.167,5.682,3.157,5.576,3.047,8.535,0.722,5.82,19.571,1.263,12.529,3.157,1.83,0.547,0.958,132.281,34.769,138,53,221,22.267,127.997,1765.106,132,110719,20.19,5.603,20,7,38,22.306,127.929,269.407,20,16899,8.042,5.227,6,0,33,22.303,127.981,107.307,7,6731,21.125,8.847,16,5,63,22.273,127.94,281.89,19,17682
3,5.962,32.791,128.561,12.262,30.05,129.167,5.429,1.515,5.096,1.49,179.941,0.498,5.442,30.05,0,176.009,1.515,3.421,0.292,0.942,105.709,33.841,103,32,195,32.526,128.622,630.275,111,39535,18.476,5.203,16,8,39,32.636,128.602,110.161,18,6910,17.061,8.852,16,2,56,32.809,128.654,101.727,16,6381,25.019,13.901,20,10,171,32.534,128.578,149.171,21,9357
4,14.555,60.902,127.913,15.994,57.828,129.167,6.439,2.778,6.488,2.856,5.959,0.715,6.645,57.828,1.894,14.3,2.778,2.271,0.44,0.969,99.215,28.472,92,42,214,60.937,128.043,1444.093,96,90583,18.019,4.422,20,7,36,60.968,127.963,262.265,18,16451,11.55,5.676,11,1,38,60.895,127.899,168.111,11,10545,29.664,10.695,27,9,84,60.906,127.949,431.763,28,27083
5,24.137,68.814,125.655,23.827,66.793,129.167,4.672,7.828,8.542,3.598,77.229,0.534,8.646,67.172,7.702,61.189,4.275,2.374,0.421,0.87,183.893,57.888,255,36,255,68.871,126.029,4438.535,186,278414,8.117,3.259,6,2,26,68.801,125.78,195.914,7,12289,5.169,4.472,4,0,51,68.594,124.985,124.764,4,7826,16.719,8.198,14,5,75,68.712,125.305,403.545,15,25313
6,19.721,83.173,128.033,21.832,78.03,129.167,9.47,2.652,9.295,2.701,176.754,0.52,9.538,78.03,0,173.157,2.652,3.441,0.291,0.962,38.943,12.89,27,15,83,82.568,128.078,767.968,36,48172,6.272,3.205,6,0,23,83.269,128.099,123.68,6,7758,5.741,5.82,2,0,54,83.557,128.169,113.206,4,7101,8.664,3.34,7,1,25,82.925,128.049,170.853,8,10717
7,42.327,96.442,124.951,29.314,92.298,129.167,7.197,9.343,10.274,5.245,114.635,0.619,11.069,92.298,0,122.421,5.898,1.959,0.511,0.875,166.887,46.076,255,25,255,96.356,124.904,7063.77,163,443086,14.134,5.715,13,3,43,96.73,125.07,598.247,13,37526,5.997,4.197,3,0,32,96.742,125.075,253.832,5,15922,30.673,14.623,20,2,90,96.553,125.276,1298.27,29,81436
8,2.63,101.362,128.676,7.045,100,129.167,2.904,1.136,2.826,1.185,3.726,0.666,2.929,100,0,172.569,1.136,2.385,0.419,0.946,156.806,33.211,179,73,218,101.381,128.731,412.473,163,25873,16.515,4.218,15,7,33,101.359,128.674,43.443,16,2725,6.897,6.707,4,0,53,101.119,128.568,18.142,5,1138,20.345,8.953,17,7,68,101.245,128.654,53.518,18,3357
9,2.423,111.383,128.78,7.52,109.722,129.167,3.283,0.884,3.328,0.927,179.816,0.539,3.321,109.722,0,171.254,0.884,3.59,0.279,0.953,108.263,46.571,56,33,202,111.162,128.849,262.345,102,16456,18.138,6.697,14,6,40,111.423,128.759,43.953,16,2757,5.579,3.303,6,0,15,111.527,128.749,13.519,5,848,30.711,16.501,19,9,79,111.342,128.712,74.418,25,4668
10,18.015,124.136,127.743,18.162,120.707,129.167,6.818,3.283,6.705,3.421,177.728,0.686,6.875,120.707,0.884,7.386,3.283,1.96,0.51,0.96,192.593,42.52,255,33,255,124.09,127.763,3469.503,200,217630,20.177,5.304,20,9,40,124.136,127.848,363.482,20,22800,12.104,6.06,10,0,41,124.007,127.862,218.058,11,13678,25.835,10.958,17,5,86,124.286,127.946,465.417,25,29194
11,31.374,117.309,126.11,20.945,114.268,129.04,6.061,6.061,6.402,6.239,64.499,0.899,6.903,115.53,5.808,50.194,6.061,1.026,0.975,0.975,181.854,43.391,255,74,255,117.378,126.105,5705.526,176,357888,29.141,9.404,27,7,64,117.359,126.262,914.286,28,57350,6.096,3.887,3,0,28,117.446,126.216,191.243,5,11996,37.445,14.693,37,7,85,117.193,126.165,1174.813,37,73692
12,44.431,105.827,125.367,24.812,102.02,128.914,7.449,7.323,7.591,7.453,108.228,0.907,8.075,104.167,7.576,63.034,7.323,1.018,0.982,0.975,154.473,33.309,136,53,249,105.735,125.519,6863.393,151,430517,29.581,9.227,34,7,62,105.941,125.508,1314.324,30,82443,6.876,4.567,4,0,30,105.949,125.453,305.517,6,19164,34.994,16.051,37,7,198,105.958,125.396,1554.796,34,97527
13,37.927,53.965,124.553,23.937,50.884,128.535,6.439,8.081,8.218,5.876,71.015,0.832,8.272,52.904,8.712,77.661,6.006,1.398,0.715,0.951,147.703,37.316,154,61,255,53.947,124.763,5601.87,146,351386,22.435,5.594,20,8,45,53.967,124.563,850.868,22,53372,10.665,5.55,8,0,41,53.926,124.288,404.502,10,25373,32.765,12.652,28,9,94,54.001,124.391,1242.647,31,77947
14,4.591,128.774,125.741,10.79,128.03,128.156,1.263,4.798,4.615,1.267,89.129,0.496,4.813,128.914,1.01,94.514,1.263,3.644,0.274,0.944,122.097,30.398,126,46,209,128.817,125.734,560.592,127,35164,26.073,6.747,23,10,52,128.791,125.755,119.71,25,7509,8.455,4.562,5,0,24,128.821,125.674,38.819,8,2435,33.41,14.286,22,11,91,128.803,125.489,153.396,30,9622
15,92.927,76.299,121.992,38.433,70.202,127.525,11.49,11.364,12.213,9.688,47.571,0.791,12.449,72.475,11.742,49.525,9.802,1.261,0.793,0.941,65.037,42.547,22,13,229,75.175,122.123,6043.676,53,379099,7.62,4.45,6,0,47,76.132,122.38,708.105,7,44417,10.699,9.245,6,0,129,76.382,121.756,994.236,9,62365,8.756,7.6,5,0,135,75.848,122.093,813.674,7,51039
16,52.115,40.2,123.469,28.531,36.111,127.399,8.586,8.712,9.598,6.913,44.457,0.805,10,37.879,10.354,52.696,7.137,1.388,0.72,0.955,153.661,37.827,161,75,255,40.101,123.5,8008.075,152,502319,23.587,5.816,20,8,50,40.31,123.591,1229.256,23,77107,9.451,4.984,8,0,37,40.282,123.541,492.519,9,30894,31.888,16.72,25,7,243,40.29,123.294,1661.832,29,104241
17,64.454,29.826,120.868,31.401,25.884,126.768,7.702,11.364,11.426,7.182,78.688,0.821,11.52,28.535,13.763,80.538,7.172,1.591,0.629,0.965,185.626,39.361,255,72,255,29.757,120.872,11964.422,184,750487,27.808,9.517,20,6,67,29.837,121.099,1792.367,27,112429,8.446,5.29,5,0,41,29.847,121.048,544.379,7,34147,29.441,13.47,25,6,113,29.804,120.892,1897.569,27,119028
18,30.035,23.189,122.961,20.741,20.076,126.01,6.061,6.566,6.554,5.835,68.677,0.877,7.016,22.096,9.722,59.744,6.043,1.123,0.89,0.967,184.809,37.066,162,72,255,23.195,122.851,5550.775,183,348181,31.512,10.291,27,12,68,23.123,122.967,946.473,29,59369,8.593,5.472,5,0,50,23.047,122.912,258.088,8,16189,30.859,13.638,20,7,96,23.214,122.945,926.848,28,58138
19,33.176,112.545,120.63,22.256,109.47,124.369,5.808,7.576,7.709,5.479,114.147,0.842,8.192,111.111,4.924,114.59,5.808,1.407,0.711,0.965,104.968,30.216,107,29,219,112.42,120.909,3482.401,106,218439,20.615,6.582,20,6,44,112.5,120.944,683.921,20,42900,16.488,10.662,12,0,82,112.88,120.549,547.009,14,34312,30.792,19.488,17,6,161,112.453,120.967,1021.545,24,64078
20,37.99,11.573,121.242,23.475,7.702,124.242,7.955,6.187,8.061,6.001,17.776,0.866,8.538,7.828,9.596,23.532,6.187,1.343,0.744,0.966,153.279,30.947,153,66,253,11.622,121.163,5823.1,153,365263,22.935,7.932,20,5,53,11.591,121.225,871.322,22,54655,12.491,8.372,7,0,118,11.391,121.259,474.52,11,29765,26.557,16.646,19,5,132,11.756,121.457,1008.919,22,63286
21,40.429,57.748,119.094,25.98,53.914,123.611,7.702,8.838,10.227,5.033,50.429,0.753,10,54.798,13.889,52.696,5.158,2.032,0.492,0.946,66.55,11.987,60,36,104,57.702,118.982,2690.599,66,168772,16.094,4.003,13,4,34,57.576,118.948,650.681,16,40815,12.37,5.902,9,0,46,57.729,119.17,500.123,11,31371,29.391,12.856,22,9,125,57.727,118.947,1188.269,26,74536
22,21.586,122.774,120.227,17.736,120.454,123.358,4.419,6.187,6.128,4.485,84.4,0.862,6.434,122.096,11.995,74.055,4.419,1.366,0.732,0.964,60.103,13.848,58,35,114,122.627,120.266,1297.377,58,81380,17.774,4.801,20,5,36,122.775,120.198,383.665,18,24066,13.131,8.672,7,1,65,122.447,119.953,283.437,11,17779,20.419,18.298,14,5,240,122.552,120.27,440.754,16,27647
23,29.477,2.812,119.379,20.797,0.253,122.853,5.303,6.944,7.218,5.2,104.071,0.856,7.362,0.758,6.566,120.964,5.303,1.388,0.72,0.97,68.845,21.368,49,27,124,2.83,119.392,2029.364,66,127295,9.56,3.498,6,1,28,2.944,119.275,281.81,9,17677,2.963,2.986,1,0,26,2.651,119.556,87.331,2,5478,13.356,5.549,12,2,50,2.722,119.46,393.709,12,24696
24,38.596,17.967,118.278,24.503,14.141,122.348,7.197,7.828,7.864,6.249,69.003,0.808,7.931,16.793,14.52,76.185,6.465,1.258,0.795,0.93,178.423,39.28,158,68,255,17.862,118.356,6886.445,176,431963,27.136,10.953,20,7,64,17.779,118.17,1047.339,25,65696,4.771,3.883,3,0,24,17.975,118.071,184.148,4,11551,27.061,12.493,16,5,88,17.933,118.282,1044.454,25,65515
25,55.877,64.407,115.462,30.373,60.985,121.338,6.692,11.49,11.719,6.071,76.766,0.761,11.821,62.879,19.318,76.409,6.181,1.93,0.518,0.956,138.093,39.117,130,26,254,64.343,115.389,7716.285,134,484016,14.724,4.74,13,4,33,64.508,115.381,822.714,14,51606,25.512,11.149,25,3,99,64.584,115.314,1425.521,25,89418,39.496,24.69,33,7,255,64.679,115.353,2206.928,36,138433
26,41.322,90.628,116.246,28.562,86.995,121.212,7.449,9.47,9.729,5.408,65.879,0.637,10.13,88.51,17.298,67.27,5.879,1.799,0.556,0.886,111.661,38.907,84,37,241,90.773,116.355,4614.074,105,289425,14.919,4.331,13,4,33,90.777,116.374,616.501,15,38671,5.613,3.651,4,0,27,90.422,116.335,231.959,5,14550,24.258,9.399,18,6,88,90.726,116.626,1002.382,23,62876
27,24.328,127.404,117.251,19.812,125,120.833,4.293,6.944,6.872,4.508,87.149,0.779,7.111,127.146,15.152,73.496,4.293,1.524,0.656,0.971,168.539,43.502,255,45,255,127.433,117.296,4100.193,168,257191,24.156,7.353,20,7,49,127.524,117.241,587.662,23,36862,9.547,4.9,9,0,31,127.493,117.121,232.246,9,14568,27.815,13.926,18,6,95,127.668,117.178,676.667,24,42445
28,63.067,82.018,114.778,32.138,77.146,120.328,9.596,10.859,10.527,7.628,51.295,0.767,11.381,80.05,19.697,70.56,7.678,1.38,0.725,0.939,73.938,18.759,71,37,169,82.184,114.735,4663.081,71,292499,11.594,3.525,13,3,28,82.036,114.788,731.174,11,45864,25.487,11.644,26,2,83,82.135,115.138,1607.421,24,100828,23.494,10.552,19,4,137,82.112,114.692,1481.701,22,92942
29,59.449,106.258,115.49,29.393,102.399,120.328,7.828,9.975,10.062,7.522,105.685,0.865,10.381,104.293,8.838,108.435,7.788,1.338,0.748,0.974,172.326,34.57,180,64,255,106.149,115.579,10244.496,171,642602,29.928,7.943,27,11,68,106.208,115.501,1779.167,29,111601,7.551,4.318,5,0,35,106.351,115.47,448.901,7,28158,30.086,11.515,29,7,80,106.179,115.537,1788.541,29,112189
30,24.439,44.672,115.845,20.014,42.045,119.444,5.177,7.197,7.707,4.038,60.904,0.767,7.972,42.55,16.667,60.593,4.286,1.909,0.524,0.958,95.438,22.932,81,44,174,44.705,115.855,2332.441,92,146306,20.271,4.156,20,9,35,44.709,115.886,495.42,20,31076,7.65,4.62,7,0,48,44.54,115.855,186.97,7,11728,30.723,10.845,26,11,102,44.667,115.964,750.862,28,47099
31,37.879,50.387,113.905,23.506,46.97,117.803,6.944,7.323,7.66,6.296,52.36,0.861,7.809,47.98,18.561,67.166,6.446,1.217,0.822,0.953,164.398,40.736,255,60,255,50.297,113.991,6227.171,162,390609,22.989,6.718,20,6,47,50.457,113.877,870.811,23,54623,13.747,7.001,8,1,59,50.546,113.803,520.704,13,32662,43.949,21.567,26,10,177,50.454,113.639,1664.718,39,104422
32,31.151,12.803,114.056,21.769,9.217,117.172,7.576,5.934,7.851,5.052,151.048,0.826,8.026,9.217,13.636,160.71,5.269,1.554,0.644,0.949,192.694,35.382,255,75,255,12.803,114.083,6002.641,192,376525,27.638,10.919,20,6,68,12.8,114.194,860.943,26,54004,8.281,5.231,6,0,39,12.833,114.117,257.977,7,16182,26.158,12.16,16,6,101,12.77,114.237,814.838,24,51112
33,22.686,23.091,113.643,18.124,20.202,116.288,5.556,5.429,5.527,5.226,13.132,0.868,5.911,20.202,16.54,19.983,5.365,1.058,0.945,0.956,50.746,9.317,48,31,88,23.039,113.677,1151.203,49,72211,17.947,5.299,20,5,46,23.105,113.483,407.132,18,25538,14.852,8.429,9,0,87,23.02,113.757,336.939,14,21135,30.674,32.669,13,5,255,23.625,113.546,695.862,21,43649
34,36.556,37.532,112.713,23.61,33.838,116.162,7.449,6.944,8.629,5.394,41.569,0.824,8.915,34.217,19.192,37.519,5.68,1.6,0.625,0.956,167.829,46.976,255,44,255,37.648,112.851,6135.089,170,384833,26.714,7.547,20,10,57,37.628,112.801,976.556,26,61256,11.032,6.157,9,0,45,37.515,112.822,403.274,10,25296,34.807,15.138,30,10,104,37.552,112.573,1272.38,32,79812
35,46.488,99.926,111.395,26.45,96.843,116.035,6.692,9.343,9.268,6.387,97.899,0.835,9.559,98.737,13.131,102.2,6.548,1.451,0.689,0.961,137.187,35.822,126,39,255,99.877,111.434,6377.458,137,400036,32.005,10.907,27,10,71,99.889,111.625,1487.839,31,93327,8.494,4.722,6,0,37,99.764,111.62,394.873,8,24769,35.267,15.8,31,9,137,99.784,111.491,1639.481,32,102839
36,34.531,118.975,111.222,23.549,116.035,115.151,5.556,8.586,8.724,5.04,103.754,0.782,8.986,117.298,14.015,107.162,5.186,1.731,0.578,0.961,174.725,44.873,255,43,255,119.086,111.328,6033.409,174,378455,23.645,7.649,20,5,54,118.853,111.337,816.48,23,51215,7.614,4.573,6,0,32,118.808,111.312,262.903,7,16491,27.502,12.267,19,5,84,118.704,111.423,949.662,25,59569
37,35.392,113.25,110.353,22.97,109.975,114.141,6.313,7.576,7.743,5.82,112.934,0.843,8.091,112.121,15.152,112.964,5.932,1.33,0.752,0.966,159.591,41.196,146,33,255,113.194,110.427,5648.182,159,354291,35.05,11.32,27,12,72,113.345,110.389,1240.479,34,77811,11.542,6.503,7,0,45,113.402,110.434,408.487,10,25623,31.221,15.021,25,5,100,113.476,110.251,1104.955,28,69310
38,28.457,8.816,110.279,20.58,5.682,113.636,6.566,6.313,7.257,4.993,142.841,0.844,7.298,6.313,16.288,142.734,5.04,1.454,0.688,0.952,125.617,37.98,110,38,234,8.625,110.378,3574.658,124,224226,19.444,8.881,20,1,59,8.453,110.347,553.322,19,34708,11.594,9.613,4,0,75,8.333,110.44,329.924,9,20695,19.736,21.505,11,3,255,8.561,110.783,561.628,15,35229
39,35.44,125.293,109.491,22.613,122.348,113.257,6.313,7.197,7.245,6.228,105.701,0.871,7.501,123.232,16.288,126.098,6.313,1.163,0.86,0.969,148.257,32.928,141,68,251,125.23,109.477,5254.154,147,329575,23.752,7.375,20,8,49,125.316,109.622,841.749,23,52800,17.856,8.43,16,1,79,125.265,109.565,632.81,16,39694,32.914,14.932,20,8,86,125.254,109.591,1166.46,30,73168
40,25.906,1.928,109.702,21.197,0,113.131,4.545,7.828,7.155,4.61,79.57,0.725,7.964,0,23.864,64.654,4.545,1.552,0.644,0.971,97.307,40.674,47,30,207,1.63,109.534,2520.846,91,158124,22.243,6.395,20,8,48,1.803,109.793,576.231,21,36145,7.104,5.369,4,0,40,2.138,109.442,184.037,6,11544,23.511,13.927,16,5,138,1.835,109.809,609.072,20,38205
41,1.865,128.925,111.695,6.658,128.535,113.131,0.758,2.904,3.128,0.759,94.438,0.529,2.972,128.662,16.035,102.265,0.758,4.119,0.243,0.932,108.308,52.287,80,38,220,128.997,111.583,202.02,92,12672,20.556,4.66,20,12,34,128.931,111.765,38.341,20,2405,15.761,7.22,13,5,44,128.936,111.826,29.397,15,1844,26.786,8.062,27,14,58,128.935,111.816,49.963,26,3134
42,21.634,75.149,109.226,18.812,72.222,112.247,5.303,6.692,6.172,4.463,109.892,0.768,6.81,74.495,16.919,100.685,4.623,1.383,0.723,0.922,148.261,37.109,147,66,249,75.108,109.19,3207.413,151,201190,10.822,3.792,11,2,27,75.007,109.231,234.111,10,14685,9.626,5.16,9,0,36,75.028,109.344,208.237,9,13062,26.18,14.317,14,6,102,74.999,109.389,566.363,23,35526
43,62.366,42.532,105.476,31.013,38.384,110.985,7.955,10.48,10.254,7.744,74.93,0.815,10.996,40.657,28.662,68.443,7.955,1.324,0.755,0.952,179.614,44.46,255,36,255,42.493,105.315,11201.794,186,702650,27.902,10.11,20,6,69,42.431,105.542,1740.124,27,109152,9.684,6.283,5,0,57,42.472,105.524,603.955,8,37884,38.883,20.475,30,9,255,42.547,105.483,2424.97,35,152110
44,43.219,20.552,106.302,24.947,17.172,110.606,6.692,8.207,8.217,6.697,88.769,0.873,8.304,19.697,26.768,81.254,6.692,1.227,0.815,0.966,155.453,40.844,151,66,255,20.392,106.277,6718.558,151,421432,32.393,14.069,20,4,85,20.552,106.318,1400.013,30,87818,6.949,5.11,4,0,39,20.516,106.345,300.319,6,18838,32.274,19.852,11,3,194,20.482,106.225,1394.848,29,87494
45,34.898,30.696,106.989,22.582,27.399,110.48,6.313,7.197,7.091,6.266,85.619,0.86,7.475,30.303,25.884,74.32,6.313,1.132,0.884,0.96,154.634,34.459,151,31,255,30.697,106.865,5396.327,156,338493,27.628,12.987,20,6,76,30.869,107.252,964.153,23,60478,12.345,8.314,6,0,59,30.773,107.33,430.806,10,27023,33.634,29.554,17,6,255,30.679,106.783,1173.729,27,73624
46,68.966,91.512,105.405,31.222,86.49,110.227,9.343,9.596,9.546,9.198,51.2,0.889,9.961,89.394,27.904,59.534,9.343,1.038,0.964,0.976,178.485,39.316,173,72,255,91.544,105.432,12309.379,178,772125,29.451,8.425,27,8,61,91.386,105.258,2031.085,28,127403,7.621,4.705,4,0,33,91.432,105.281,525.583,7,32968,31.715,14.237,27,5,132,91.265,105.178,2187.239,30,137198
47,40.398,51.173,105.951,24.429,47.601,109.848,7.071,7.955,8.724,5.896,55.929,0.851,8.825,48.737,27.02,56.083,6.213,1.48,0.676,0.958,142.845,36.284,126,43,255,51.107,105.894,5770.57,137,361968,31.167,11.387,20,9,66,51.357,106.144,1259.084,30,78978,9.331,5.96,4,0,41,51.471,106.361,376.938,8,23644,38.738,18.478,21,8,123,51.518,106.19,1564.903,36,98161
48,42.661,57.913,104.511,27.516,55.177,109.722,5.682,10.354,11.006,4.935,103.98,0.708,10.788,56.692,19.444,106.314,5.191,2.23,0.448,0.941,167.042,41.719,255,62,255,57.941,104.295,7126.232,165,447004,26.379,8.814,27,6,54,58.06,104.479,1125.345,26,70589,8.471,5.116,8,0,32,58.069,104.839,361.394,8,22669,32.829,12.809,31,6,85,57.99,104.722,1400.539,32,87851
49,24.344,71.562,106.765,19.7,68.434,109.596,6.692,5.303,6.985,4.437,149.251,0.788,7.346,68.561,20.833,151.232,4.95,1.574,0.635,0.937,160.144,41.055,156,62,255,71.587,106.717,3898.508,159,244540,11.72,4.04,13,2,33,71.497,106.788,285.318,11,17897,6.654,4.457,5,0,33,71.41,106.964,161.989,6,10161,24.734,12.439,13,5,80,71.452,107.082,602.121,22,37769
50,28.282,35.824,104.638,21.641,33.333,108.46,4.545,7.702,8.126,4.431,86.186,0.759,7.996,34.596,20.707,105.573,4.545,1.834,0.545,0.94,170.13,32.356,171,55,254,35.826,104.654,4811.519,171,301810,27.264,7.551,27,8,59,35.782,104.81,771.077,27,48367,10.552,6.542,6,0,51,35.687,104.775,298.438,9,18720,30.24,11.92,22,7,100,35.779,104.754,855.236,28,53646
51,49.915,79.775,103.267,28.432,75.758,108.207,8.081,9.722,10.783,5.894,57.015,0.776,10.609,76.389,30.177,51.766,5.995,1.829,0.547,0.957,154.374,36.634,151,67,255,79.763,103.175,7705.604,149,483346,17.662,6.39,13,4,42,79.695,103.601,881.588,17,55299,9.839,7.319,5,0,47,79.982,104.224,491.116,8,30806,27.183,20.252,12,4,219,79.492,103.757,1356.857,21,85111
52,21.936,3.09,104.663,19.927,0,107.828,6.313,6.187,7.994,3.494,39.888,0.694,7.875,0.126,27.146,41.1,3.639,2.288,0.437,0.929,73.235,16.231,85,35,117,2.954,104.603,1606.528,74,100772,13.76,5.191,13,3,39,3.282,104.863,301.85,13,18934,10.575,7.708,5,0,57,2.821,104.792,231.975,9,14551,22.99,27.429,12,3,255,2.826,104.859,504.316,15,31634
53,43.602,110.639,103.72,25.23,106.944,107.702,7.449,7.828,8.121,6.836,130.911,0.861,8.561,108.207,22.222,127.208,7.139,1.188,0.842,0.954,171.089,36.7,169,47,255,110.592,103.766,7459.823,170,467929,32.064,9.752,34,10,73,110.618,103.836,1398.036,32,87694,9.093,5.603,6,0,47,110.388,103.904,396.483,8,24870,32.871,13.946,26,8,132,110.555,103.694,1433.237,30,89902
54,38.357,98.368,101.661,24.368,95.328,106.187,6.061,8.712,8.411,5.806,79.752,0.812,8.77,97.348,22.98,96.613,5.795,1.449,0.69,0.96,138.867,28.392,144,61,242,98.368,101.618,5326.532,138,334115,26.223,9.487,20,7,64,98.2,101.821,1005.826,25,63092,16.76,8.8,10,0,57,98.102,101.767,642.87,16,40325,38.039,23.397,22,8,249,98.243,101.881,1459.063,33,91522
55,42.693,66.02,102.356,25.021,62.247,105.934,7.702,7.323,8.224,6.609,144.956,0.857,8.697,62.247,24.369,152.319,6.946,1.244,0.804,0.955,152.166,45.34,153,26,255,65.856,102.346,6496.451,152,407500,22.311,8.5,20,6,70,66.208,102.527,952.531,20,59749,9.202,6.574,5,0,45,66.144,102.573,392.864,8,24643,31.948,21.697,17,4,255,66.083,102.539,1363.968,26,85557
56,26.48,126.556,102.152,19.799,123.485,104.924,5.808,5.556,6.329,5.327,151.626,0.849,6.984,123.99,25,139.399,5.356,1.188,0.842,0.963,145.21,38.748,138,36,255,126.536,102.081,3845.166,143,241194,24.524,7.094,20,9,49,126.617,102.281,649.406,24,40735,26.425,11.502,21,2,74,126.568,102.337,699.736,25,43892,29.593,13.342,24,7,75,126.481,102.211,783.623,28,49154
57,60.708,8.103,98.64,29.75,3.283,103.03,9.217,8.712,9.346,8.271,165.939,0.862,9.709,3.409,31.944,20.556,8.15,1.13,0.885,0.966,172.01,41.519,255,59,255,8.008,98.565,10442.355,172,655013,26.201,7.55,27,8,60,7.956,98.775,1590.634,26,99775,7.171,4.865,4,0,43,8.118,98.876,435.366,6,27309,27.039,15.826,19,5,222,7.968,98.776,1641.506,23,102966
58,47.89,118.014,98.518,26.437,114.015,102.778,7.702,8.586,9.067,6.725,55.731,0.861,9.121,116.793,34.975,68.051,6.875,1.348,0.742,0.964,160.268,36.483,165,75,255,118.051,98.512,7675.298,158,481445,29.924,10.489,20,9,70,118.11,98.449,1433.061,28,89891,11.583,6.613,7,0,57,117.759,98.268,554.693,10,34794,28.732,15.082,20,4,136,117.887,98.397,1375.988,26,86311
59,35.695,84.706,98.361,24.35,81.439,102.273,6.566,7.197,7.526,6.039,67.068,0.757,8.475,82.071,33.965,56.547,6.494,1.246,0.802,0.947,131.203,33.008,121,63,255,84.656,98.361,4683.232,128,293763,22.039,7.786,20,6,55,84.619,98.501,786.668,21,49345,21.327,11.336,17,0,71,84.488,98.52,761.272,20,47752,31.914,23.83,18,6,255,84.474,98.27,1139.151,25,71455
60,36.253,72.01,98.077,22.822,68.434,101.768,6.692,7.197,7.784,5.93,53.233,0.875,7.907,68.561,33.081,38.517,6.136,1.313,0.762,0.968,172.085,38.02,204,61,255,71.91,97.967,6238.538,175,391322,23.739,10.139,20,5,67,72.003,98.354,860.592,21,53982,13.174,8.454,6,0,51,71.969,98.458,477.581,12,29957,31.91,15.781,21,6,107,72.16,98.205,1156.831,28,72564
61,34.467,18.638,97.717,23.309,15.657,101.136,6.061,7.071,7.33,5.987,96.02,0.797,7.81,16.414,28.409,124.461,6.061,1.224,0.817,0.94,144.682,36.71,143,61,250,18.452,97.753,4986.755,141,312802,21.017,8.937,13,4,55,18.655,98.183,724.398,20,45439,5.424,4.585,2,0,36,18.675,98.253,186.954,4,11727,26.494,21.423,13,3,246,18.746,98.003,913.154,20,57279
62,40.876,30.584,97.371,24.743,26.641,101.136,7.955,7.449,7.601,6.847,157.744,0.839,8.018,26.641,32.197,7.237,6.741,1.11,0.901,0.948,148.225,35.625,152,68,255,30.504,97.303,6058.837,148,380050,24.067,10.84,13,6,71,30.403,97.417,983.746,22,61707,11.077,7.654,6,0,49,30.442,97.557,452.791,9,28402,34.86,20.147,19,6,213,30.575,97.562,1424.931,29,89381
63,28.776,49.452,98.25,21.276,46.212,101.01,7.071,5.934,7.885,4.647,36.231,0.799,8.265,46.465,33.333,34.418,5,1.697,0.589,0.953,158.526,34.898,155,73,255,49.435,98.194,4561.688,157,286139,34.594,14.787,20,10,80,49.512,98.434,995.479,32,62443,18.864,11.8,9,0,76,49.552,98.493,542.816,16,34049,43.716,27.256,39,7,240,49.922,98.439,1257.968,39,78908
64,25.252,15.024,94.171,24.189,12.879,99.621,5.303,9.091,8.653,3.716,108.917,0.542,9.435,14.394,29.545,105.524,4.496,2.328,0.429,0.8,104.777,42.909,136,27,237,14.863,94.333,2645.881,102,165967,16.441,4.661,13,5,39,15.042,94.192,415.183,16,26043,9.467,6.162,6,0,40,15.09,93.988,239.053,8,14995,23.607,14.126,18,4,163,14.912,94.191,596.143,20,37394
65,27.899,109.905,96.153,21.037,107.071,99.116,6.061,6.187,6.293,5.645,45.79,0.792,6.693,108.333,36.237,54.211,5.881,1.115,0.897,0.93,156.154,42.152,130,61,255,109.999,96.349,4356.528,152,273270,23.215,10.549,20,6,64,109.772,96.505,647.684,21,40627,12.578,7.937,11,0,64,109.69,96.391,350.92,11,22012,27.296,14.438,18,8,165,109.834,96.419,761.528,23,47768
66,36.348,102.635,94.856,23.013,99.621,98.99,5.808,7.955,7.967,5.809,84.133,0.862,8.054,101.894,38.131,80.981,5.808,1.371,0.729,0.97,153.196,32.646,135,65,255,102.58,94.836,5568.407,153,349287,31.694,11.223,20,10,67,102.672,95.053,1152.016,30,72262,10.948,6.574,7,0,47,102.714,95.03,397.934,10,24961,31.7,17.06,24,3,129,102.756,95.054,1152.239,28,72276
67,28.584,126.985,94.984,20.736,123.99,98.232,5.303,6.692,6.811,5.344,104.69,0.835,7.236,125.757,31.187,119.249,5.303,1.275,0.785,0.969,168.629,50.092,255,27,255,126.976,95.122,4820.159,173,302352,28.048,8.37,20,9,54,127.021,95.064,801.734,27,50290,6.838,4.457,6,0,33,126.962,95.037,195.467,6,12261,28.686,19.679,23,6,249,127.034,95.13,819.972,24,51434
68,51.461,54.769,93.862,27.46,50.884,98.106,7.955,8.46,8.216,7.976,96.851,0.858,8.728,53.409,31.061,104.237,7.955,1.03,0.971,0.96,162.156,38.483,255,64,255,54.82,93.805,8344.791,158,523440,32.096,11.774,34,8,78,54.599,93.851,1651.693,32,103605,13.022,8.09,11,0,50,54.444,93.857,670.131,12,42035,29.915,11.817,33,6,122,54.866,93.927,1539.491,29,96567
69,27.532,39.115,93.603,20.876,36.111,96.97,6.187,6.692,7.487,4.682,132.104,0.794,7.817,36.869,32.197,121.122,4.821,1.599,0.625,0.935,211.902,46.371,255,73,255,39.172,93.56,5834.132,229,365955,16.307,4.021,13,7,38,39.056,93.654,448.965,16,28162,6.162,3.834,4,0,30,38.959,93.671,169.641,5,10641,25.863,17.691,17,5,135,39.017,94.03,712.059,20,44665
70,38.564,76.395,92.83,23.863,72.348,96.212,7.828,6.692,8.259,5.945,27.181,0.851,8.372,72.475,38.005,23.085,6.015,1.389,0.72,0.964,166.273,34.604,153,66,255,76.407,92.827,6412.18,164,402214,31.852,13.106,20,7,76,76.414,93.016,1228.331,31,77049,7.923,5.631,4,0,36,76.407,93.044,305.532,7,19165,33.848,18.468,14,5,142,76.129,92.921,1305.316,31,81878
71,41.402,63.439,91.943,24.177,59.848,95.707,7.197,7.702,7.598,6.938,109.348,0.89,7.85,62.752,33.46,101.129,7.068,1.095,0.913,0.968,152.936,36.577,152,67,255,63.281,91.988,6331.832,149,397174,40.972,19.505,20,9,94,63.512,91.827,1696.315,37,106404,8.695,6.92,4,0,44,63.671,91.797,359.991,7,22581,36.826,20.755,20,6,155,63.606,91.8,1524.665,31,95637
72,21.889,120.34,92.891,20.088,117.424,95.454,6.439,5.934,7.785,3.58,37.288,0.682,7.959,117.929,39.52,41.785,3.928,2.175,0.46,0.899,122.867,43.923,125,40,242,120.187,92.831,2689.403,123,168697,20.532,5.583,20,7,48,120.399,92.882,449.411,20,28190,15.056,7.869,15,0,65,120.375,92.998,329.557,14,20672,31.052,27.364,19,6,255,120.349,92.916,679.696,24,42635
73,39.218,95.502,90.845,24.455,92.424,94.697,6.313,8.207,8.334,5.991,91.786,0.824,8.37,94.444,34.47,101.31,6.237,1.391,0.719,0.956,150.806,35.384,160,67,254,95.315,90.774,5914.289,151,370983,24.435,10.474,20,6,75,95.261,90.719,958.27,22,60109,7.212,4.879,6,0,50,95.329,90.966,282.847,6,17742,33.075,20.164,19,2,147,95.352,91.009,1297.122,28,81364
74,28.887,23.311,91.112,22.81,19.697,94.318,7.449,6.692,8.586,4.284,33.619,0.698,8.52,20.328,41.288,39.588,4.547,2.004,0.499,0.899,59.451,19.416,40,23,132,23.055,90.891,1717.375,58,107725,21.056,7.353,20,5,48,23.44,90.971,608.259,20,38154,15.472,9.663,12,1,64,23.104,91.276,446.94,13,28035,22.363,17.601,18,4,255,23.432,91.212,645.994,19,40521
75,39.903,45.957,90.287,23.85,42.298,94.066,7.197,7.576,7.87,6.456,54.577,0.882,7.907,42.677,41.162,38.517,6.513,1.219,0.82,0.966,168.766,35.347,176,73,255,45.852,90.244,6734.325,168,422421,25.937,9.893,20,6,56,45.911,90.218,1034.984,25,64921,12.286,7.108,7,0,53,46.009,90.128,490.271,11,30753,34.519,18.549,19,4,114,45.973,90.208,1377.407,30,86400
76,33.303,89.943,89.289,22.195,87.247,93.182,5.556,7.576,7.812,5.428,101.798,0.85,7.809,88.763,36.111,112.834,5.453,1.439,0.695,0.966,187.377,36.913,255,65,255,89.986,89.227,6240.259,188,391430,30.505,11.34,27,8,70,89.934,89.564,1015.901,28,63724,6.292,4.774,4,0,37,89.908,89.731,209.544,5,13144,28.707,15.204,14,4,103,89.846,89.664,956.038,25,59969
77,33.192,83.361,89.714,22.016,80.05,93.055,6.439,6.439,6.817,6.199,39.076,0.861,7.222,80.934,41.919,53.531,6.327,1.1,0.909,0.956,169.323,40.728,255,67,255,83.462,89.582,5620.107,166,352530,21.6,6.493,20,8,57,83.29,89.862,716.953,21,44972,13.28,7.77,7,0,50,83.084,90.083,440.802,12,27650,27.64,17.962,18,5,123,82.859,89.884,917.426,22,57547
78,34.627,123.105,89.27,22.644,119.192,92.677,7.449,6.187,7.451,5.917,13.965,0.849,7.8,119.571,41.667,29.055,6.187,1.259,0.794,0.96,172.32,34.788,175,71,255,123.048,89.191,5966.835,171,374279,31.24,11.398,34,8,65,123.061,89.475,1081.727,31,67853,5.498,3.907,4,0,32,123.236,89.593,190.382,5,11942,27.949,12.578,23,4,138,122.87,89.363,967.788,26,60706
79,29.366,10.393,89.289,20.44,7.449,92.298,5.934,6.061,6.188,6.043,92.891,0.883,6.645,7.828,37.879,141.17,5.869,1.024,0.977,0.965,86.95,32.122,56,33,177,10.238,89.155,2553.336,80,160162,17.404,6.955,13,3,40,10.139,89.442,511.091,17,32059,7.997,7.239,4,0,61,10.067,89.528,234.845,6,14731,22.393,23.137,13,3,255,10.207,89.447,657.568,16,41247
80,24.774,33.931,89.12,19.657,30.682,91.793,6.566,5.556,7.4,4.262,145.548,0.806,7.459,30.808,37.879,146.041,4.492,1.736,0.576,0.945,218.552,45.936,255,83,255,33.869,89.154,5414.453,241,339630,14.056,3.757,13,4,34,33.916,89.115,348.226,13,21843,4.696,3.641,2,0,32,34.251,89.093,116.346,4,7298,20.527,9.806,16,4,86,33.824,88.978,508.541,18,31899
81,29.541,68.901,87.941,21.32,65.404,91.288,6.566,6.313,7.257,5.183,45.049,0.817,7.502,65.909,43.687,46.364,5.469,1.4,0.714,0.95,151.413,40.854,145,70,255,68.875,87.909,4472.89,146,280569,32.187,13.049,20,5,70,68.992,88.222,950.825,31,59642,17.522,10.688,12,0,81,68.996,88.331,517.628,15,32469,36.577,18.942,20,5,112,68.756,88.229,1080.515,33,67777
82,22.383,112.625,87.449,18.685,109.975,90.151,5.682,5.177,5.823,4.894,149.946,0.806,6.269,110.101,40.278,152.403,5.177,1.19,0.841,0.932,127.959,32.309,120,60,216,112.459,87.478,2864.098,126,179655,30.299,9.676,26,9,67,112.589,87.38,678.182,29,42540,9.578,5.645,9,0,34,112.593,87.203,214.375,9,13447,30.075,21.545,19,6,151,112.605,87.555,673.16,24,42225
83,31.39,3.307,85.991,21.202,0.379,89.646,5.934,7.071,7.185,5.563,116.372,0.877,7.552,1.894,39.52,110.556,5.803,1.292,0.774,0.966,116.42,43.059,132,37,233,3.039,86.127,3654.433,120,229230,22.773,11.192,13,3,67,2.866,86.218,714.849,21,44840,6.791,5.635,4,0,42,2.844,86.093,213.163,5,13371,21.168,14.101,13,3,108,2.896,86.197,664.455,17,41679
84,37.815,58.629,86.144,23.463,54.798,89.646,7.702,6.692,7.836,6.144,153.074,0.863,8.025,55.05,41.414,155.854,6.469,1.275,0.784,0.956,181.866,44.245,255,48,255,58.6,86.061,6877.23,187,431385,25.762,8.934,20,9,68,58.61,86.166,974.197,24,61108,6.715,5.035,3,0,41,58.629,86.43,253.912,6,15927,31.176,15.966,19,6,150,58.511,86.275,1178.926,27,73950
85,31.645,25.387,85.935,21.659,22.222,89.141,6.061,6.313,6.614,6.092,119.16,0.848,7.163,22.98,40.657,130.711,6.061,1.086,0.921,0.956,196.511,48.679,255,76,255,25.475,85.85,6218.642,205,390074,28.931,8.045,27,10,66,25.293,86.129,915.529,27,57428,6.946,4.312,4,0,28,25.299,86.09,219.811,6,13788,29.132,14.814,25,3,93,25.055,86.189,921.906,26,57828
86,25.173,100.47,84.251,20.192,97.853,87.879,5.808,6.692,7.444,4.305,126.698,0.776,7.576,98.737,41.288,126.87,4.437,1.729,0.578,0.94,168.333,42.03,255,72,255,100.52,84.322,4237.408,166,265798,32.037,12.61,20,8,79,100.339,84.25,806.453,30,50586,5.644,4.474,5,0,40,100.175,84.105,142.077,5,8912,32.101,16.293,24,7,183,100.199,84.229,808.063,29,50687
87,19.912,79.084,84.267,17.932,76.515,87.247,4.924,6.187,6.739,3.762,123.442,0.778,6.934,77.02,42.298,123.111,3.916,1.791,0.558,0.941,127.45,28.786,121,65,215,78.993,84.243,2537.761,126,159185,21.836,5.825,20,6,44,78.999,84.254,434.792,21,27273,10.677,7.037,7,0,49,78.994,84.338,212.605,9,13336,33.064,31.805,18,6,255,79.083,84.268,658.365,26,41297
88,44.319,41.28,83.616,25.513,37.247,87.121,8.207,7.071,8.589,6.57,149.057,0.856,8.861,37.626,42.803,147.216,7.022,1.307,0.765,0.963,164.161,41.608,153,64,255,41.262,83.661,7275.515,162,456368,24.99,8.52,27,6,61,41.204,83.742,1107.521,24,69471,11.319,6.241,9,0,40,41.044,83.774,501.669,10,31468,34.637,16.451,31,6,110,41.268,83.939,1535.091,32,96291
89,30.434,51.253,83.969,20.95,47.601,86.869,7.071,5.808,6.984,5.548,4.278,0.871,7.183,47.601,46.086,10.125,5.808,1.259,0.794,0.956,204.624,35.527,255,85,255,51.211,83.962,6227.474,210,390628,22.749,6.741,20,7,50,51.265,83.947,692.322,22,43427,8.357,5.008,5,0,35,51.183,83.972,254.342,8,15954,29.483,13.908,29,5,93,51.327,84.028,897.275,28,56283
90,28.074,86.369,83.471,20.963,82.828,85.985,7.197,5.177,7.331,4.876,179.92,0.803,7.411,82.828,46.591,13.799,5.177,1.504,0.665,0.941,163.921,42.586,178,59,255,86.394,83.671,4601.958,168,288665,27.048,12.757,20,5,77,86.833,83.684,759.343,24,47631,5.093,4.995,1,0,56,86.799,83.691,142.97,4,8968,29.304,16.572,23,5,132,86.83,83.54,822.698,25,51605
91,40.557,123.048,82.387,24.085,119.318,85.606,7.702,6.818,8.176,6.316,30.591,0.879,8.475,119.571,49.116,33.453,6.554,1.295,0.772,0.97,145.008,28.699,141,66,251,123.088,82.377,5881.097,143,368901,35.879,13.153,27,9,73,122.956,82.357,1455.141,35,91276,10.082,6.327,5,0,50,122.84,82.303,408.902,9,25649,36.948,19.456,23,8,120,122.873,82.225,1498.488,32,93995
92,20.007,96.139,82.238,17.588,94.066,85.48,4.167,6.439,6.78,3.758,110.039,0.813,6.917,95.076,43.687,111.413,3.875,1.804,0.554,0.96,73.036,26.875,53,25,146,96.05,82.503,1461.263,70,91660,17.347,9.177,6,2,49,95.981,82.945,347.062,16,21770,5.393,6.617,0,0,48,95.781,83.311,107.897,3,6768,22.4,16.99,12,3,116,95.948,82.807,448.167,17,28112
93,30.099,17.949,82.317,20.901,14.773,85.227,6.313,5.934,6.404,5.984,12.048,0.866,6.744,15.53,48.864,38.157,5.859,1.07,0.935,0.954,196.342,45.644,255,72,255,17.867,82.286,5909.666,203,370693,25.281,5.651,27,9,47,17.906,82.4,760.922,25,47730,5.629,3.661,3,0,26,18.052,82.487,169.418,5,10627,27.858,10.489,20,6,85,17.808,82.521,838.481,26,52595
94,25.125,74.217,82.271,19.922,70.833,84.722,6.944,4.924,7.174,4.459,158.692,0.796,7.362,70.96,45.581,157.834,4.714,1.609,0.622,0.947,160.494,39.876,178,70,249,74.241,82.318,4032.407,161,252939,25.292,7.31,27,7,61,74.274,82.314,635.457,25,39860,7.761,5.354,5,0,35,74.303,82.392,194.989,7,12231,26.276,14.439,16,5,126,74.106,82.402,660.183,22,41411
95,27.771,113.268,80.74,21.751,109.975,83.965,6.187,6.692,7.597,4.654,128.413,0.738,7.883,110.985,45.202,121.908,5.222,1.632,0.613,0.924,143.082,41.394,101,63,255,113.21,80.9,3973.58,136,249249,19.517,8.07,20,5,54,113.138,81.133,542.019,18,33999,6.319,5.563,1,0,40,113.478,81.295,175.492,5,11008,23.328,18.029,14,5,225,113.358,80.577,647.86,19,40638
96,24.168,91.04,80.094,19.792,87.121,82.828,7.197,5.177,6.927,4.443,17.842,0.775,7.33,87.121,49.747,10.923,4.519,1.559,0.641,0.942,127.085,46.827,61,37,242,90.935,80.004,3071.442,130,192661,25.263,8.683,20,7,67,90.931,80.103,610.555,24,38298,8.33,6.594,5,0,58,90.759,79.897,201.318,7,12628,34.777,32.707,16,6,255,90.365,80.112,840.505,26,52722
97,17.138,28.578,79.495,16.042,26.515,82.449,4.04,5.556,5.602,3.895,99.578,0.837,5.793,28.283,46.717,110.41,4.04,1.438,0.695,0.952,56.116,10.668,51,32,91,28.678,79.501,961.714,55,60325,20.268,4.358,20,9,35,28.577,79.581,347.349,20,21788,21.867,11.691,17,2,88,28.306,79.855,374.754,19,23507,32.838,22.452,28,8,197,28.813,79.639,562.776,27,35301
98,47.763,34.454,78.226,26.197,30.808,82.449,7.449,8.46,8.994,6.762,119.593,0.875,9.15,31.566,47.222,129.401,6.786,1.33,0.752,0.971,117.597,32.33,119,37,230,34.499,78.438,5616.76,119,352320,30.431,10.028,20,11,70,34.735,78.371,1453.467,29,91171,7.691,4.799,6,0,39,34.617,78.333,367.324,7,23041,34.422,17.29,23,8,158,34.772,78.213,1644.072,30,103127
99,48.847,58.139,79.198,26.955,53.535,82.449,9.091,7.197,8.931,6.964,18.464,0.845,9.247,54.672,52.904,34.992,7.197,1.283,0.78,0.957,210.304,38.961,255,70,255,58.131,79.105,10272.698,218,644371,29.579,10.897,20,8,73,58.288,79.465,1444.858,28,90631,8.738,6.227,5,0,46,58.361,79.601,426.821,7,26773,32.087,14.774,18,5,93,58.242,79.534,1567.374,30,98316
100,21.267,126.68,78.53,19.866,123.737,82.449,5.429,6.818,7.247,3.737,53.553,0.677,7.914,124.621,53.283,56.056,4.098,1.939,0.516,0.916,155.934,42.384,133,62,255,126.718,78.379,3316.235,150,208016,22.57,7.434,20,7,53,126.626,78.65,480.004,21,30109,16.633,8.326,14,0,60,126.547,78.514,353.742,16,22189,26.813,14.498,22,6,137,126.605,78.691,570.221,24,35768
101,20.789,50.974,78.732,20.205,47.475,81.313,6.944,5.177,6.796,3.895,151.775,0.64,7.232,47.475,50.379,163.78,4.115,1.745,0.573,0.877,175.809,48.924,255,46,255,50.755,78.775,3654.831,177,229255,22.704,5.365,20,8,50,51.012,78.77,471.985,22,29606,8.875,5.275,8,0,40,50.794,78.849,184.499,8,11573,33.571,15.724,22,10,100,50.957,79.01,697.902,31,43777
102,26.655,103.203,77.049,21.363,100.379,80.808,5.303,7.071,7.088,4.788,69.154,0.734,7.602,101.515,54.924,57.894,5.061,1.48,0.675,0.915,115.91,40.712,78,29,214,102.953,76.836,3089.632,118,193802,21.609,9.413,13,4,58,103.188,76.811,576.008,20,36131,5.895,5.177,2,0,38,103.166,76.965,157.142,5,9857,22.676,18.705,13,3,170,102.883,76.688,604.449,17,37915
103,32.124,3.577,77.005,21.498,0.253,80.303,6.313,6.692,6.75,6.059,59.472,0.873,7.189,2.02,55.303,59.381,6.266,1.114,0.898,0.959,98.23,32.855,96,34,234,3.427,77.086,3155.49,94,197933,17.72,6.021,13,3,46,3.523,77.017,569.233,17,35706,5.543,5.753,3,0,63,3.695,77.123,178.059,4,11169,26.791,27.6,15,4,255,3.607,77.147,860.624,18,53984
104,23.834,108.879,77.38,18.659,105.934,80.303,6.187,5.177,5.966,5.087,168.997,0.86,6.269,106.187,51.01,161.2,5.177,1.173,0.853,0.962,138.544,40.17,146,35,245,108.691,77.307,3302.014,142,207124,25.416,9.633,20,9,66,108.717,77.198,605.756,23,37997,4.895,4.253,2,0,31,108.689,77.184,116.665,4,7318,24.715,14.997,13,4,104,108.687,77.004,589.049,21,36949
105,42.789,21.923,75.848,24.695,18.056,79.672,7.323,7.576,7.519,7.245,129.174,0.882,7.875,18.813,51.136,138.9,7.323,1.038,0.964,0.97,149.752,37.037,153,46,255,21.823,75.907,6407.732,149,401935,23.917,7.332,20,7,52,21.821,75.953,1023.378,23,64193,12.204,6.813,9,0,53,21.804,76.001,522.203,11,32756,34.102,16.567,22,4,104,21.771,75.754,1459.191,30,91530
106,18.429,72.383,77.342,16.769,69.444,79.293,6.061,3.914,6.212,3.777,168.049,0.824,6.35,69.444,50.505,162.646,3.887,1.645,0.608,0.953,139.873,34.605,148,66,227,72.356,77.371,2577.744,143,161693,15.713,4.618,13,5,36,72.268,77.321,289.574,15,18164,5.844,5,4,0,42,72.283,77.487,107.706,5,6756,22.73,25.131,15,5,255,71.92,77.598,418.898,17,26276
107,27.947,80.737,76.173,20.174,77.399,79.04,6.818,5.303,6.927,5.137,176.412,0.863,7.076,77.399,54.293,15.524,5.303,1.348,0.742,0.961,97.759,39.838,113,25,204,80.261,76.234,2732.049,97,171372,12.021,6.58,6,1,38,80.194,76.352,335.934,10,21072,4.577,5.599,0,0,49,79.871,76.414,127.92,3,8024,17.678,8.462,15,3,93,80.483,76.342,494.049,16,30990
108,58.747,12.674,73.911,31.038,8.712,78.662,8.46,9.47,9.402,7.955,88.483,0.766,9.801,10.606,50.505,104.931,8.46,1.182,0.846,0.928,168.926,45.504,255,71,255,12.541,73.922,9923.883,161,622491,23.947,5.867,20,9,47,12.649,73.818,1406.788,23,88243,6.695,4.719,4,0,41,12.765,73.626,393.326,6,24672,34.43,19.064,24,8,241,12.539,73.866,2022.652,29,126874
109,28.377,65.405,74.901,20.901,63.131,78.662,4.672,7.702,7.916,4.564,80.633,0.816,8.03,64.394,58.207,73.56,4.587,1.734,0.577,0.964,94.237,31.43,74,30,206,65.311,74.604,2674.178,88,167742,18.986,8.49,13,4,56,65.501,75.431,538.767,17,33795,6.814,8.192,2,0,85,65.598,75.933,193.363,4,12129,43.443,34.486,39,8,255,65.542,75.696,1232.795,34,77329
110,33.511,118.796,75.035,22.095,115.278,78.283,7.197,6.439,7.499,5.69,31.728,0.863,7.519,116.162,57.071,40.914,5.921,1.318,0.759,0.961,163.492,39.774,144,68,255,118.822,75.191,5478.716,157,343661,25.707,9.892,20,5,65,118.895,74.898,861.469,25,54037,16.569,9.094,9,0,58,118.739,74.778,555.235,15,34828,32.35,16.081,18,6,133,118.779,74.799,1084.07,29,68000
111,15.878,94.297,75.872,15.506,91.414,77.778,5.556,3.788,5.564,3.633,165.788,0.83,5.956,91.414,52.399,158.875,3.778,1.532,0.653,0.951,93.071,34.287,86,25,186,94.025,76.075,1477.827,92,92699,15.733,9.603,6,1,51,93.901,76.314,249.814,13,15670,5.362,5.202,3,0,49,94.262,76.252,85.147,4,5341,16.835,11.078,9,3,161,93.935,76.066,267.319,14,16768
112,11.08,48.135,75.805,13.604,46.338,77.651,4.293,3.914,4.337,3.253,34.008,0.752,4.939,46.465,55.429,32.471,3.588,1.333,0.75,0.929,171.817,42.994,172,56,255,48.288,75.823,1903.707,174,119413,19.836,5.048,20,8,37,48.052,75.686,219.779,20,13786,7.889,4.877,8,0,31,47.952,75.668,87.411,7,5483,28.447,10.098,23,11,76,48.063,75.625,315.193,27,19771
113,32.793,50.507,72.347,22.57,46.717,75.631,7.197,6.566,7.697,5.425,37.541,0.809,7.971,47.727,59.343,40.503,5.627,1.419,0.705,0.946,175.358,36.845,176,50,255,50.552,72.397,5750.531,175,360711,24.178,6.82,27,8,53,50.464,72.374,792.886,24,49735,8.093,4.747,7,0,45,50.375,72.407,265.39,7,16647,39.412,13.952,37,11,100,50.573,72.446,1292.451,38,81071
114,15.958,90.698,73.518,15.359,87.879,75.505,5.556,3.788,5.567,3.65,164.645,0.85,5.83,87.879,55.05,162.35,3.788,1.525,0.656,0.958,98.642,30.097,78,38,188,90.57,73.527,1574.15,92,98741,17.438,6.153,20,2,46,90.468,73.609,278.271,17,17455,6.519,4.937,4,0,32,90.351,73.516,104.039,6,6526,23.135,16.624,15,5,161,90.575,73.616,369.19,20,23158
115,39.6,28.283,70.529,24.534,25.126,75,6.566,8.586,8.51,5.925,78.33,0.827,8.85,26.894,62.752,75.964,6.347,1.436,0.696,0.959,102.575,32.482,116,30,210,28.256,70.376,4062.011,105,254796,21.857,5.187,20,10,47,28.278,70.508,865.55,21,54293,7.457,4.338,6,0,39,28.276,70.614,295.298,7,18523,26.731,22.072,18,7,255,27.985,70.633,1058.579,22,66401
116,4.91,128.52,72.622,10.315,127.651,74.747,1.515,4.167,4.139,1.511,88.701,0.58,4.235,128.409,58.586,79.695,1.515,2.74,0.365,0.935,169.653,38.658,196,80,252,128.555,72.638,833.028,173,52253,29.292,8.432,28,13,58,128.573,72.585,143.831,28,9022,4.396,3.618,4,0,24,128.524,72.511,21.586,4,1354,24.643,10.263,16,6,62,128.544,72.443,121.001,22,7590
117,30.753,109.534,71.962,21.455,105.682,74.495,7.702,5.429,7.515,5.21,175.396,0.84,7.753,105.682,56.313,173.454,5.429,1.442,0.693,0.962,178.677,74.577,255,29,255,109.225,72.215,5494.77,206,344668,17.101,4.134,13,6,34,109.63,71.928,525.902,17,32988,4.107,3.288,2,0,28,109.687,72.062,126.294,3,7922,23.943,10.133,20,5,83,109.844,71.963,736.307,22,46186
118,22.702,71.824,71.289,18.376,68.561,73.737,6.313,4.798,6.609,4.373,18.996,0.845,6.731,68.687,59.217,23.199,4.448,1.511,0.662,0.955,161.121,42.637,198,70,248,71.733,71.244,3657.733,166,229437,10.68,4.038,9,1,30,71.594,71.179,242.449,10,15208,4.077,3.472,2,0,25,71.829,71.308,92.545,3,5805,16.968,12.732,10,2,183,71.223,71.21,385.196,14,24162
119,36.779,57.472,70.231,23.161,54.04,73.485,7.071,6.439,7.171,6.53,25.803,0.862,7.681,54.04,60.732,25.301,6.439,1.098,0.911,0.965,173.205,39.398,255,80,255,57.365,70.25,6370.268,165,399585,35.586,13.307,20,9,89,57.553,70.22,1308.808,34,82097,11.413,7.062,6,0,49,57.615,70.13,419.758,10,26330,44.391,18.981,24,8,127,57.477,70.207,1632.626,44,102409
120,31.582,36.437,70.018,22.139,32.955,73.359,6.692,6.818,7.512,5.353,47.68,0.81,7.829,33.207,60.985,37.794,5.807,1.404,0.712,0.947,159.652,43.761,177,42,255,36.258,69.776,5042.059,163,316271,24.065,9.527,20,9,68,36.391,69.997,760.013,21,47673,21.019,11.815,13,1,73,36.265,69.977,663.802,18,41638,29.348,12.579,25,8,90,36.435,70.055,926.848,27,58138
121,59.64,122.619,68.85,29.676,117.803,73.106,9.091,8.965,8.87,8.561,6.263,0.851,9.473,117.929,61.237,21.092,8.659,1.036,0.965,0.97,184.071,35.844,255,71,255,122.597,68.881,10977.95,182,688609,30.151,10.95,27,6,70,122.865,68.91,1798.218,29,112796,7.081,5.09,4,0,42,122.596,68.891,422.293,6,26489,28.43,14.272,16,5,109,122.636,69.025,1695.55,26,106356
122,17.807,2.554,69.828,15.938,0,71.97,5.051,4.545,5.275,4.298,25.279,0.881,5.404,0.505,60.985,37.405,4.336,1.227,0.815,0.958,37.934,5.377,39,25,58,2.552,69.815,675.503,38,42372,8.698,3.517,6,2,30,2.608,69.775,154.895,8,9716,6.482,4.675,3,0,47,2.501,69.961,115.422,6,7240,12.6,5.521,9,3,43,2.533,70.088,224.371,11,14074
123,45.579,42.713,67.609,27.773,38.258,71.338,8.965,7.702,9.502,6.107,28.343,0.743,9.385,39.773,65.151,47.726,6.543,1.556,0.643,0.913,182.959,60.797,255,33,255,42.576,67.599,8339.051,200,523080,12.291,5.536,11,2,42,42.663,67.411,560.193,11,35139,7.397,5.042,5,0,46,42.637,67.332,337.13,6,21147,17.252,14.081,8,1,170,42.628,67.594,786.334,12,49324
124,56.818,96.456,66.947,30.003,91.919,70.96,9.722,8.46,10.567,6.846,34.75,0.793,10.762,92.298,65.151,31.079,7.053,1.543,0.648,0.954,173.66,43.779,255,54,255,96.389,67.025,9867.033,173,618925,30.592,11.056,27,6,73,96.607,67.265,1738.195,29,109031,8.617,5.665,6,0,47,96.596,67.073,489.617,8,30712,33.942,14.797,31,6,113,96.445,67.102,1928.497,32,120968
125,18.876,88.545,68.586,16.517,85.732,70.707,5.682,4.167,5.828,4.124,171.718,0.87,5.95,85.732,59.47,162.719,4.167,1.413,0.708,0.964,104.453,38.759,82,36,227,88.546,68.551,1971.605,96,123672,17.489,6.017,13,2,39,88.592,68.699,330.115,17,20707,13.014,9.845,8,0,66,88.443,68.91,245.654,10,15409,31.164,32.642,16,6,255,88.339,68.731,588.236,22,36898
126,48.209,18.825,66.585,28.962,13.763,70.581,9.975,7.197,9.826,6.247,160.73,0.722,10.425,13.763,61.742,163.101,6.818,1.573,0.636,0.917,207.865,45.604,255,74,255,18.901,66.604,10021.018,223,628584,11.403,4.617,9,1,35,18.822,66.501,549.719,11,34482,7.397,4.979,5,0,34,18.873,66.606,356.595,6,22368,14.455,10.814,8,1,128,18.672,66.398,696.85,12,43711
127,6.76,128.378,66.968,11.252,127.273,69.192,1.894,4.545,4.524,1.903,90.924,0.671,4.608,128.409,59.975,99.462,1.894,2.378,0.421,0.961,155.828,32.419,157,79,231,128.409,67.046,1053.318,160,66071,28.366,7.573,27,11,55,128.448,67.031,191.737,27,12027,5.425,4.874,2,0,32,128.488,67.173,36.667,4,2300,30.436,12.706,20,11,80,128.455,67.007,205.734,27,12905
128,25.619,111.021,66.858,19.848,107.323,69.066,7.323,4.545,7.374,4.424,11.153,0.817,7.564,107.323,63.005,14.5,4.507,1.667,0.6,0.96,152.456,57.71,97,36,255,111.293,66.721,3905.778,157,244996,14.756,3.74,13,4,30,110.952,66.834,378.038,14,23713,5.144,3.456,4,0,29,110.919,66.816,131.794,5,8267,19.518,10.705,14,5,113,110.81,66.976,500.043,17,31366
129,35.535,7.804,65.686,22.835,4.293,68.939,6.818,6.818,7.015,6.449,41.762,0.856,7.519,5.303,65.909,40.914,6.664,1.088,0.919,0.959,109.985,37.2,108,36,246,7.541,65.489,3908.329,110,245156,22.52,6.949,20,4,47,7.554,65.505,800.235,22,50196,13.268,8.395,10,0,80,7.334,65.592,471.491,12,29575,23.206,27.517,13,3,255,7.529,65.091,824.643,16,51727
130,30.434,74.734,64.874,21.738,71.212,67.929,7.071,6.187,8.145,4.757,36.315,0.809,8.283,71.465,67.045,37.569,4.894,1.712,0.584,0.964,120.696,43.649,69,34,241,74.592,64.89,3673.213,122,230408,22.298,10.164,20,1,56,74.966,65.269,678.596,22,42566,6.6,6.382,1,0,62,75.24,65.521,200.872,5,12600,25.179,17.197,15,5,193,74.772,64.939,766.278,21,48066
131,21.123,68.297,64.046,19.761,65.025,67.172,6.313,5.934,7.979,3.371,45.001,0.68,8.067,65.151,67.55,39.92,3.648,2.367,0.422,0.898,82.293,37.663,61,36,239,68.703,64.465,1738.307,70,109038,15.012,5.114,13,3,36,68.131,63.896,317.107,14,19891,13.135,9.174,6,0,59,68.29,63.958,277.458,11,17404,23.097,19.563,15,4,242,68.355,64.134,487.879,19,30603
132,28.138,33.336,64.3,21.486,29.798,66.919,7.576,5.682,7.079,5.061,178.898,0.766,7.702,29.798,65.404,10.389,5.648,1.399,0.715,0.917,90.486,22.219,83,44,186,33.325,64.227,2546.083,88,159707,20.315,4.472,20,7,43,33.368,64.314,571.624,20,35856,11.485,6.29,11,0,71,33.459,64.516,323.165,10,20271,31.318,19.632,22,8,233,33.233,64.412,881.222,27,55276
133,32.442,55.482,64.093,21.468,52.02,66.793,7.071,5.808,7.07,5.843,4.357,0.885,7.427,52.02,65.783,17.819,5.808,1.21,0.826,0.97,157.461,37.66,147,68,255,55.623,64.195,5108.426,152,320434,30.019,10.113,27,11,73,55.394,64.066,973.878,28,61088,26.053,11.154,25,2,68,55.332,64.137,845.208,25,53017,39.173,18.737,25,6,113,55.337,64.038,1270.865,37,79717
134,39.106,86.031,62.664,23.82,81.818,66.035,8.207,6.439,8.232,6.049,165.161,0.866,8.429,81.818,65.783,163.465,6.149,1.361,0.735,0.968,128.602,48.494,109,30,255,85.531,62.584,5029.13,124,315460,19.838,5.51,20,6,41,85.931,62.48,775.796,20,48663,6.954,5.671,5,0,64,85.812,62.604,271.958,6,17059,29.685,20.966,22,7,246,85.973,62.419,1160.864,23,72817
135,18.557,118.382,63.438,17.705,115.404,65.53,6.439,4.04,6.507,3.631,168.137,0.744,6.71,115.53,64.646,160.201,3.829,1.792,0.558,0.929,209.493,50.847,255,68,255,118.305,63.485,3887.508,232,243850,19.276,4.381,20,9,39,118.457,63.406,357.695,19,22437,4.065,3.147,2,0,22,118.386,63.44,75.439,3,4732,20.507,9.098,18,6,128,118.117,63.441,380.541,19,23870
136,35.264,61.375,61.27,23.136,57.954,65.278,6.566,7.702,8.526,5.266,56.191,0.828,8.662,59.091,71.591,59.323,5.318,1.619,0.618,0.962,112.892,30.432,115,37,211,61.379,61.523,3981.025,115,249716,19.478,5.411,20,5,42,61.333,61.349,686.87,19,43085,9.884,6.163,8,0,46,61.467,61.462,348.545,9,21863,31.325,27.848,16,6,233,62.003,61.808,1104.636,21,69290
137,54.554,47.945,60.498,28.278,44.066,65.025,8.207,8.965,8.73,7.956,65.154,0.857,9.21,44.949,72.475,56.746,8.052,1.097,0.911,0.962,197.176,46.181,255,51,255,48.002,60.461,10756.767,202,674735,24.857,7.625,20,8,62,47.926,60.403,1356.06,24,85061,5.312,3.668,3,0,30,47.83,60.332,289.782,5,18177,33.597,11.253,27,8,76,47.874,60.457,1832.876,32,114970
138,14.093,1.905,62.746,14.078,0,64.773,4.293,4.04,4.426,4.055,169.43,0.894,4.808,0,64.773,150.068,4.04,1.092,0.916,0.97,51.942,8.464,47,30,87,1.845,62.724,732.018,52,45917,16.821,5.383,16,5,39,1.98,62.858,237.061,17,14870,16.793,10.233,10,0,58,2.008,62.997,236.662,15,14845,27.561,42.602,11,5,255,1.656,62.672,388.416,13,24364
139,27.373,101.57,61.672,20.741,97.98,64.394,7.197,5.429,7.349,4.743,165.451,0.8,7.286,97.98,66.667,171.027,4.859,1.549,0.645,0.922,184.501,63.21,255,36,255,101.558,61.707,5050.301,203,316788,23.729,6.202,20,8,51,101.491,61.754,649.518,23,40742,5.557,3.355,3,0,22,101.601,61.611,152.121,5,9542,19.517,10.527,14,4,84,101.438,61.87,534.239,17,33511
140,59.305,110.028,59.878,30.12,105.429,64.141,9.217,8.712,10.286,7.341,34.871,0.821,10.492,105.934,72.475,39.629,7.545,1.401,0.714,0.958,162.39,42.611,147,46,255,110.207,59.982,9630.562,160,604092,24.306,7.025,20,10,58,110.225,60.123,1441.479,23,90419,11.636,6.227,8,0,50,109.495,59.731,690.09,11,43287,31.323,13.182,24,9,108,109.995,60.184,1857.634,28,116523
141,7.238,128.327,60.703,11.683,127.146,63.005,2.02,4.672,4.494,2.051,91.139,0.666,4.714,128.535,66.162,97.696,2.02,2.191,0.456,0.949,164.205,34.57,178,72,243,128.374,60.732,1188.476,173,74549,20.604,6.349,17,9,47,128.393,60.848,149.123,19,9354,5.187,3.696,4,0,20,128.317,60.777,37.544,4,2355,27.544,11.779,26,12,85,128.421,60.727,199.357,24,12505
142,30.003,25.123,58.378,21.807,22.348,61.869,5.808,6.566,6.516,5.862,110.301,0.793,7.129,23.737,67.298,112.932,5.808,1.112,0.9,0.937,139.163,37.054,130,58,255,25.096,58.373,4175.345,133,261905,28.657,9.937,20,8,65,25.25,58.319,859.811,27,53933,10.772,5.964,9,0,50,25.317,58.344,323.196,10,20273,24.918,9.954,19,4,119,25.25,58.368,747.626,23,46896
143,32.905,7.581,58.277,22.656,4.293,61.742,6.313,7.197,7.406,5.657,58.913,0.806,7.772,4.798,72.98,43.025,5.909,1.309,0.764,0.953,156.606,42.648,255,49,255,7.676,58.249,5153.08,151,323235,27.182,8.97,20,10,62,7.539,58.353,894.422,26,56104,9.92,5.907,6,0,41,7.506,58.358,326.401,9,20474,27.782,12.044,25,7,98,7.572,58.472,914.158,25,57342
144,25.81,11.989,56.678,23.131,9.722,61.616,4.293,9.091,8.812,3.729,92.131,0.606,9.261,10.859,67.55,101.004,4.293,2.363,0.423,0.885,129.33,37.033,120,35,251,11.94,56.658,3338.06,131,209385,25.734,7.231,20,11,64,12.048,56.715,664.216,25,41664,5.847,3.783,5,0,31,12.006,56.658,150.909,5,9466,19.645,8.127,14,6,73,12.037,56.714,507.058,18,31806
145,29.987,18.039,57.802,20.606,15.025,61.237,5.808,6.566,6.752,5.655,72.372,0.888,6.833,16.793,74.495,73.909,5.781,1.194,0.837,0.959,161.108,40.519,149,69,255,18.166,57.729,4831.191,159,303044,29.565,9.256,27,9,61,17.998,57.933,886.562,29,55611,8.669,6.898,6,0,72,17.91,58.039,259.97,7,16307,39.565,19.834,33,6,141,17.982,58.13,1186.435,34,74421
146,11.67,94.245,59.514,13.382,91.793,61.111,5.051,3.157,4.931,3.013,8.173,0.819,5.177,91.793,70.076,12.68,3.157,1.636,0.611,0.943,119.395,36.022,127,40,243,94.331,59.534,1393.301,121,87397,25.128,5.111,27,10,42,94.28,59.53,293.241,25,18394,14.553,6.925,9,1,41,94.056,59.569,169.832,14,10653,30.339,23.827,20,8,236,94.274,59.647,354.045,24,22208
147,33.75,33.379,57.793,23.192,29.545,60.859,7.071,6.439,7.169,5.994,157.627,0.788,7.845,29.545,69.444,146.821,6.292,1.196,0.836,0.938,157.513,39.295,135,52,255,33.451,57.841,5316.01,155,333455,25.15,7.815,20,7,55,33.435,57.749,848.795,24,53242,20.507,10.342,12,1,64,33.351,57.808,692.099,19,43413,41.791,19.579,28,5,140,33.545,57.812,1410.423,38,88471
148,58.141,40.05,54.846,32.995,35.354,60.353,8.965,10.732,11.064,6.691,56.037,0.671,12.343,36.111,79.545,59.237,7.104,1.654,0.605,0.935,192.08,44.016,255,40,255,40.062,55.027,11167.758,191,700515,22.145,5.929,20,6,48,40.172,54.847,1287.525,21,80762,8.226,4.831,5,0,47,40.27,54.836,478.25,7,29999,37.699,16.333,25,8,186,40.297,54.981,2191.879,36,137489
149,24.328,78.131,57.092,18.986,75.126,59.596,6.313,5.051,6.33,4.894,22.736,0.848,6.799,75.631,74.116,31.329,5.051,1.294,0.773,0.956,73.153,33.975,47,27,204,77.782,56.952,1779.645,61,111631,15.56,8.56,6,2,46,77.6,56.636,378.532,16,23744,4.738,4.695,2,0,42,77.445,56.803,115.262,3,7230,30.953,23.139,21,7,213,78.032,56.9,753.014,25,47234
150,21.379,119.59,56.987,18.641,116.414,59.343,6.187,4.672,6.296,4.324,8.431,0.773,6.314,116.414,72.096,11.535,4.387,1.456,0.687,0.926,193.577,50.483,255,70,255,119.647,56.905,4138.391,202,259587,18.515,4.97,20,6,40,119.373,56.983,395.829,18,24829,4.441,3.111,2,0,19,119.843,56.941,94.936,4,5955,17.674,7.049,15,6,52,119.424,57.106,377.846,16,23701
151,29.876,53.306,55.78,21.873,49.621,58.838,7.576,6.061,7.904,4.813,30.506,0.785,7.975,49.874,75.126,23.318,5.089,1.642,0.609,0.941,146.209,38.293,132,64,255,53.183,55.854,4368.086,142,273995,24.637,7.188,27,3,47,53.247,55.85,736.052,25,46170,10.302,6.388,8,0,41,53.112,55.897,307.78,9,19306,31.926,21.903,18,5,216,53.001,55.737,953.822,25,59830
152,24.774,98.278,55.979,19.213,95.076,58.712,6.313,5.808,5.949,5.302,156.553,0.843,6.415,95.076,72.222,169.796,5.535,1.122,0.891,0.947,201.573,57.818,255,33,255,98.173,56.036,4993.818,226,313245,24.311,6.216,20,10,54,98.171,55.946,602.297,23,37780,5.689,3.78,4,0,25,98.256,55.835,140.945,5,8841,22.277,12.633,14,5,101,98.017,56.03,551.887,19,34618
153,28.266,3.046,54.659,21.529,0.126,58.333,6.692,6.439,7.963,4.52,134.934,0.766,8.505,0.379,71.086,139.214,4.821,1.762,0.568,0.962,127.921,50.639,255,33,255,2.673,54.798,3615.757,124,226804,22.664,5.969,20,7,43,2.984,54.724,640.606,22,40183,18.289,9.87,12,1,82,2.889,54.76,516.958,16,32427,21.425,16.682,14,4,177,2.917,54.568,605.581,17,37986
154,30.641,91.518,54.615,22.151,88.131,57.828,6.566,6.439,7.621,5.119,138.53,0.785,8.149,88.889,71.591,130.601,5.666,1.489,0.672,0.937,172.371,43.537,255,66,255,91.463,54.717,5281.622,170,331298,22.638,5.996,20,9,52,91.404,54.693,693.662,22,43511,14.031,7.1,10,0,55,91.492,54.584,429.93,13,26968,31.661,11.668,28,8,74,91.505,54.739,970.115,30,60852
155,52.147,83.549,52.629,28.1,79.293,57.323,8.207,8.838,9.009,7.37,61.875,0.83,9.265,82.071,80.682,72.553,7.762,1.222,0.818,0.953,150.192,40.174,255,62,255,83.524,52.482,7832.073,142,491279,32.86,7.79,34,13,66,83.536,52.623,1713.548,33,107485,6.241,4.532,4,0,44,83.653,52.727,325.46,5,20415,29.451,13.567,21,6,155,83.409,52.765,1535.777,28,96334
156,31.151,114.297,53.204,22.225,111.869,57.323,5.051,8.081,8.107,4.892,89.407,0.792,8.177,113.131,79.798,76.608,4.983,1.657,0.603,0.952,152.568,38.17,255,68,255,114.229,53.262,4752.66,148,298118,26.907,9.624,20,8,62,114.328,53.497,838.194,25,52577,5.773,4.371,4,0,35,114.321,53.377,179.844,5,11281,41.338,20.002,18,7,170,114.168,53.306,1287.716,39,80774
157,35.248,125.49,53.122,24.485,122.475,57.197,5.934,8.333,8.354,5.372,71.744,0.739,8.708,123.611,80.303,73.142,5.675,1.555,0.643,0.925,183.191,46.489,255,44,255,125.505,53.211,6457.169,188,405036,20.336,6.734,20,7,50,125.488,53.214,716.794,20,44962,8.526,5.31,5,0,36,125.41,53.228,300.527,8,18851,24.222,10.383,21,6,83,125.432,53.194,853.769,22,53554
158,31.518,63.773,54.292,22.182,59.722,56.944,8.081,5.303,8.24,4.87,13.093,0.805,8.361,59.722,76.01,14.876,5.002,1.692,0.591,0.959,83.91,39.66,49,24,202,63.584,54.464,2644.669,73,165891,21.642,8.306,27,3,52,63.687,54.479,682.103,22,42786,4.851,4.814,1,0,46,63.648,54.742,152.886,4,9590,25.463,26.132,16,2,255,63.936,54.555,802.531,18,50340
159,51.78,30.108,50.607,27.534,26.01,54.798,8.333,8.207,8.226,8.015,32.523,0.858,8.505,27.525,75.379,139.214,8.137,1.026,0.974,0.963,183.511,39.035,255,76,255,30.022,50.698,9502.259,181,596044,27.971,7.473,27,9,52,30.086,50.54,1448.366,27,90851,7.597,4.984,4,0,31,30.143,50.53,393.39,7,24676,36.092,16.094,33,8,126,30.234,50.455,1868.873,33,117228
160,19.194,21.312,51.687,16.177,18.687,54.167,5.051,4.924,5.163,4.734,148.541,0.922,5.372,18.813,76.515,156.448,4.716,1.091,0.917,0.963,178.61,46.654,255,78,255,21.15,51.695,3428.309,179,215046,28.534,7.325,27,13,55,21.376,51.771,547.695,27,34355,5.977,4.568,4,0,32,21.505,51.814,114.72,5,7196,36.284,13.733,21,11,97,21.237,51.711,696.451,35,43686
161,26.608,74.372,51.269,19.817,71.212,53.914,6.439,5.303,6.38,5.31,8.75,0.851,6.615,71.212,78.662,13.241,5.303,1.201,0.832,0.947,166.371,41.685,175,79,255,74.339,51.317,4426.721,167,277673,25.478,5.382,27,9,47,74.4,51.372,677.895,25,42522,8.736,5.827,6,0,45,74.473,51.356,232.453,8,14581,33.111,26.002,26,7,245,74.303,51.417,881.014,28,55263
162,19.402,101.805,51.336,17.07,99.242,53.788,5.303,5.303,5.605,4.408,58.002,0.837,5.739,100.379,80.177,50.356,4.597,1.272,0.786,0.938,104.044,27.172,95,48,190,101.728,51.419,2018.619,100,126621,18.638,3.774,20,8,30,101.777,51.31,361.617,19,22683,19.864,10.286,12,1,64,101.609,51.642,385.387,18,24174,31.714,19.298,26,8,178,101.599,51.432,615.306,26,38596
163,21.825,44.979,50.241,18.973,41.793,53.157,5.682,5.934,6.066,4.581,53.347,0.762,6.39,41.793,79.419,29.604,5.118,1.324,0.755,0.926,158.897,38.124,158,63,255,44.831,50.12,3467.909,158,217530,24.606,4.715,27,11,41,45.038,50.272,537.013,25,33685,9.334,4.828,8,0,40,45,50.274,203.71,9,12778,35.102,15.14,34,8,157,45.032,50.316,766.103,33,48055
164,43.012,107.763,48.999,25.126,103.788,52.399,8.081,6.818,8.016,6.832,167.577,0.856,8.587,103.788,78.662,160.233,6.818,1.173,0.852,0.956,141.364,37.82,149,31,255,107.613,49.059,6080.343,143,381399,29.224,9.562,27,9,64,107.623,49.085,1256.98,28,78846,8.574,5.707,4,0,48,107.566,49.248,368.775,7,23132,31.741,18.784,20,5,154,107.731,49.037,1365.243,27,85637
165,30.976,50.957,49.24,24.054,47.222,52.02,8.081,5.934,8.768,4.498,28.609,0.673,9.116,47.475,82.828,30.828,4.858,1.949,0.513,0.919,162.919,38.79,255,68,255,50.993,49.205,5046.523,157,316551,29.808,8.438,27,9,57,50.842,49.269,923.309,29,57916,7.604,4.755,6,0,36,50.763,49.166,235.546,7,14775,31.948,13.795,23,5,139,50.772,49.251,989.597,30,62074
166,15.432,7.306,49.791,15.254,4.798,51.894,5.051,4.167,5.606,3.505,27.861,0.833,5.743,5.051,81.061,33.341,3.561,1.6,0.625,0.954,56.053,12.07,50,28,88,7.319,49.694,865.008,55,54259,13.671,3.807,13,5,29,7.29,49.744,210.979,13,13234,9.132,5.698,4,0,40,7.239,49.846,140.929,8,8840,25.432,27.589,18,7,249,7.517,49.941,392.465,19,24618
167,39.314,13.877,47.955,23.986,9.975,51.641,7.828,7.197,7.784,6.431,143.467,0.859,8.085,9.975,80.05,165.53,6.5,1.21,0.826,0.959,137.635,45.223,255,34,255,13.959,47.812,5410.914,129,339408,33.869,12.837,20,8,72,13.855,47.947,1331.525,33,83522,9.949,6.355,5,0,44,13.786,48.003,391.126,9,24534,30.115,19.813,21,3,227,13.927,48.216,1183.916,25,74263
168,11.718,1.646,49.193,13.111,0,51.389,3.662,4.04,4.297,3.472,131.139,0.857,4.773,0.126,77.904,127.476,3.662,1.238,0.808,0.961,54.317,10.72,46,30,87,1.562,49.186,636.461,54,39923,19.593,6.611,15,5,41,1.432,49.255,229.584,19,14401,16.595,8.68,12,2,51,1.369,49.223,194.447,15,12197,26.019,18.03,17,6,146,1.531,49.301,304.879,20,19124
169,26.576,61.975,47.8,21.172,58.46,50.252,6.944,5.177,7.239,4.674,13.695,0.745,7.411,58.46,82.576,23.07,4.986,1.549,0.646,0.903,210.1,48.674,255,78,255,62.005,47.798,5583.536,229,350236,26.119,5.747,27,13,52,61.994,47.873,694.14,25,43541,5.546,4.023,4,0,34,61.884,47.893,147.386,5,9245,20.597,10.762,15,6,168,61.929,47.762,547.376,18,34335
170,30.051,118.968,46.616,21.185,115.151,49.369,7.197,5.429,7.377,5.187,173.057,0.841,7.552,115.278,81.439,159.444,5.265,1.422,0.703,0.954,172.158,42.973,255,72,255,118.926,46.708,5173.518,173,324517,32.708,7.887,27,14,66,119.013,46.62,982.917,32,61655,6.07,3.836,4,0,29,119.012,46.616,182.411,5,11442,26.344,11.624,21,6,91,119.11,46.585,791.674,24,49659
171,41.721,88.147,45.182,24.442,84.47,49.116,7.071,7.702,7.959,6.674,61.056,0.878,8.184,85.606,86.995,51.892,6.9,1.193,0.839,0.964,149.403,37.343,131,70,255,88.237,45.209,6233.197,143,390987,34.363,11.129,34,10,80,88.022,45.203,1433.667,34,89929,8.729,5.434,6,0,66,87.953,45.365,364.2,8,22845,32.32,12.74,26,6,106,88.085,45.156,1348.408,30,84581
172,24.392,40.618,46.143,19.029,38.005,48.99,5.429,5.682,5.894,5.269,123.375,0.846,6.355,38.258,80.682,139.028,5.429,1.119,0.894,0.955,182.223,42.085,255,71,255,40.776,46.026,4444.704,182,278801,35.093,9.578,34,14,68,40.597,46.28,855.969,35,53692,7.147,4.741,4,0,36,40.614,46.37,174.328,6,10935,36.202,12.739,27,10,113,40.573,46.218,883.023,34,55389
173,35.408,100.462,45.366,22.718,96.591,48.485,7.449,6.187,7.547,5.973,168.597,0.862,7.826,96.591,82.954,162.15,6.069,1.263,0.791,0.956,165.558,36.117,160,72,255,100.557,45.365,5862.015,163,367704,30.903,11.322,20,9,83,100.467,45.462,1094.21,30,68636,6.704,4.399,5,0,35,100.397,45.599,237.38,6,14890,33.959,15.287,18,6,105,100.488,45.499,1202.393,32,75422
174,29.78,70.66,45.391,20.532,67.424,48.359,6.313,6.061,7.061,5.37,140.743,0.888,7.246,68.182,81.187,131.468,5.536,1.315,0.761,0.97,161.132,54.394,255,56,255,70.488,45.445,4798.51,164,300994,28.457,9.604,27,7,69,70.508,45.698,847.456,27,53158,7.84,5.149,4,0,33,70.882,45.234,233.474,7,14645,29.556,13.337,24,9,168,70.48,45.535,880.185,27,55211
175,32.889,126.423,43.556,23.105,123.485,48.106,5.556,8.586,8.2,5.107,94.597,0.774,8.741,126.136,81.061,100.823,5.553,1.606,0.623,0.954,90.213,32.102,80,26,207,126.28,43.917,2967.005,87,186110,18.589,5.472,20,5,41,126.343,43.908,611.368,18,38349,18.004,9.392,15,1,60,126.372,44.039,592.142,16,37143,23.881,12.797,17,4,123,126.236,43.762,785.409,20,49266
176,25.3,54.226,45.202,19.491,50.884,47.853,6.566,5.177,7.119,4.525,24.396,0.837,7.081,51.136,85.732,31.139,4.551,1.573,0.636,0.962,118.408,34.876,109,42,218,54.158,45.288,2995.765,119,187914,27.524,8.094,27,9,55,54.217,45.404,696.372,27,43681,18.137,9.164,15,0,59,54.176,45.424,458.865,17,28783,37.801,47.917,18,8,255,54.622,45.213,956.373,23,59990
177,35.774,79.333,44.745,23.192,75.505,47.853,7.576,6.187,7.708,5.909,165.265,0.836,7.793,75.758,83.081,153.02,6.106,1.304,0.767,0.952,145.661,35.346,151,66,255,79.356,44.75,5210.919,144,326863,30.863,9.406,27,8,63,79.279,44.851,1104.094,30,69256,9.834,5.943,8,0,41,79.185,44.803,351.813,9,22068,32.625,18.138,29,4,204,79.331,44.859,1167.129,30,73210
178,27.644,33.444,44.621,20.766,29.545,47.348,7.197,4.924,7.341,4.795,5.438,0.806,7.442,29.545,84.217,165.256,4.924,1.531,0.653,0.957,190.889,44.616,255,74,255,33.29,44.682,5276.904,191,331002,24.673,5.519,27,10,46,33.538,44.638,682.056,24,42783,5.829,3.811,4,0,32,33.72,44.546,161.128,5,10107,38.66,14.244,27,11,99,33.664,44.681,1068.718,37,67037
179,17.154,21.995,44.971,16.147,19.192,47.096,5.556,4.293,5.606,3.896,154.135,0.827,5.727,19.192,83.586,165.964,4.017,1.439,0.695,0.945,80.554,22.684,65,36,161,22.034,45.055,1381.807,78,86676,23.284,6.523,20,9,45,21.971,45.114,399.416,23,25054,8.743,5.248,8,0,60,21.867,45.135,149.968,8,9407,41.446,33.378,24,9,255,22.07,45.099,710.959,30,44596
180,44.861,94.158,40.907,29.023,90.404,46.843,7.197,10.354,9.627,5.934,74.832,0.669,10.525,92.803,92.677,79.634,6.389,1.622,0.616,0.9,149.301,34.869,143,58,255,94.117,40.859,6697.833,148,420132,32.037,10.442,34,12,80,94.169,40.807,1437.222,31,90152,11.822,6.961,6,0,54,94.213,41.006,530.365,11,33268,32.041,17.892,20,6,157,94.412,40.958,1437.398,27,90163
181,32.697,7.126,43.156,22.225,3.788,46.465,6.313,6.566,6.86,6.068,58.648,0.832,7.424,4.672,88.384,48.447,6.309,1.13,0.885,0.945,117.093,38.456,118,35,255,7.014,43.438,3828.633,113,240157,25.061,9.684,20,5,57,7.12,43.372,819.43,24,51400,8.378,6.84,5,0,50,7.201,43.483,273.935,7,17183,29.044,24.64,11,4,242,7.075,42.994,949.662,20,59569
182,28.568,64.084,42.052,20.606,60.859,45.328,6.313,6.061,6.476,5.616,30.052,0.846,6.973,61.995,89.773,58.325,5.479,1.153,0.867,0.963,120.616,40.567,154,41,234,63.856,42.279,3445.797,122,216143,26.679,9.547,20,6,57,63.937,42.314,762.165,26,47808,6.795,5.457,2,0,61,63.949,42.317,194.128,6,12177,22.572,11.704,17,3,131,64.079,42.073,644.846,20,40449
183,12.993,45.737,43.029,14.33,43.056,44.697,5.303,3.157,5.432,3.045,176.782,0.795,5.398,43.056,85.985,169.216,3.091,1.784,0.561,0.944,48.874,7.306,49,27,73,45.643,43.035,635.01,49,39832,17.623,9.363,6,2,49,45.659,43.341,228.978,16,14363,17.899,15.322,7,1,87,45.567,43.387,232.565,12,14588,22.302,11.952,15,5,127,45.69,43.227,289.766,19,18176
184,27.357,107.78,41.353,20.488,104.419,44.192,6.818,5.682,7.591,4.589,33.454,0.819,7.776,104.545,89.773,32.4,4.746,1.654,0.605,0.96,77.698,37.677,42,26,188,107.498,41.372,2125.575,65,133330,16.043,4.025,13,5,36,107.835,41.338,438.889,16,27530,11.638,7.787,6,0,74,107.464,41.466,318.382,10,19971,18.422,8.242,13,4,77,107.549,41.406,503.981,17,31613
185,36.524,117.099,39.651,23.524,113.131,43.056,7.702,6.944,8.011,5.805,143.13,0.829,8.246,113.131,87.879,154.612,5.996,1.38,0.725,0.947,154.903,42.052,159,46,255,117.146,39.669,5657.62,154,354883,35.986,10.714,27,12,77,117.062,39.695,1314.324,34,82443,6.124,4.837,3,0,48,117.006,39.777,223.685,5,14031,29.629,15.988,19,4,155,117.157,39.606,1082.173,26,67881
186,26.879,17.481,39.907,19.805,14.52,42.929,5.808,5.934,6.029,5.677,144.242,0.861,6.28,15.909,86.49,120.174,5.808,1.062,0.942,0.956,190.176,43.87,255,77,255,17.553,39.822,5111.663,194,320637,24.488,6.605,20,11,53,17.494,39.976,658.206,23,41287,6.514,4.307,3,0,26,17.49,40.039,175.093,6,10983,30.439,14.418,17,7,102,17.43,40.174,818.154,27,51320
187,44.766,54.221,38.567,25.779,49.874,41.793,8.838,6.566,9.328,6.11,20.749,0.847,9.428,49.874,92.55,20.376,6.186,1.527,0.655,0.97,126.382,46.287,115,26,255,53.987,38.479,5657.604,125,354882,28.589,10.158,20,8,67,54.076,38.702,1279.793,27,80277,8.15,5.935,5,0,78,53.897,38.688,364.837,7,22885,33.625,28.436,14,5,246,54.242,39.023,1505.264,24,94420
188,34.276,85.623,37.541,22.848,82.449,40.783,6.313,6.439,6.865,6.357,142.313,0.825,7.697,83.712,88.51,131.009,6.313,1.08,0.926,0.952,149.015,36.645,132,69,255,85.666,37.683,5107.613,145,320383,19.473,5.705,20,7,53,85.549,37.478,667.468,19,41868,14.822,8.251,8,0,62,85.386,37.608,508.046,13,31868,34.332,15.553,21,7,114,85.435,37.655,1176.758,32,73814
189,26.305,42.643,37.114,19.608,40.278,40.657,4.672,6.944,7.118,4.705,93.28,0.86,7.111,41.793,88.51,106.504,4.672,1.513,0.661,0.968,91.768,43.568,55,25,250,42.407,37.478,2413.922,85,151417,22.459,5.075,20,8,41,42.609,37.193,590.77,22,37057,12.917,8.923,7,0,72,42.442,37.833,339.776,11,21313,35.178,33.128,14,4,255,42.539,38.016,925.35,27,58044
190,43.235,35.879,36.315,25.095,32.449,40.404,6.944,8.081,8.18,6.73,103.991,0.863,8.308,34.848,88.763,106.783,6.944,1.215,0.823,0.96,142.381,36.197,128,64,255,35.798,36.39,6155.893,137,386138,32.152,9.924,27,11,63,35.764,36.461,1390.097,31,87196,7.56,5.039,5,0,36,35.804,36.31,326.879,7,20504,27.647,16.997,14,4,196,35.677,36.372,1195.315,24,74978
191,34.324,100.171,36.87,23.21,96.591,40.278,7.702,6.439,7.373,5.928,11.311,0.801,7.902,96.591,93.687,12.926,6.248,1.244,0.804,0.937,149.689,42.461,123,52,255,100.159,36.894,5137.856,141,322280,26.48,7.779,20,9,58,100.007,36.832,908.897,26,57012,12.598,7.708,10,0,80,100.019,36.741,432.401,11,27123,28.862,20.988,15,6,250,100.302,36.669,990.633,24,62139
192,36.38,76.23,36.764,23.327,72.601,40.151,7.449,6.692,7.431,6.233,163.029,0.84,7.602,72.601,93.308,11.497,6.157,1.192,0.839,0.952,162.09,41.039,255,70,255,76.285,36.689,5896.848,159,369889,29.185,7.207,27,12,62,76.176,36.891,1061.751,29,66600,7.808,4.957,6,0,37,76.42,36.818,284.042,7,17817,41.836,20.73,31,9,211,76.223,37.16,1522.003,37,95470
193,21.076,123.265,36.544,18.463,121.086,40.025,4.545,6.313,6.235,4.304,95.627,0.777,6.523,122.222,95.454,75.426,4.545,1.449,0.69,0.928,85.713,28.317,79,37,196,123.177,36.59,1806.444,80,113312,24.948,5.115,23,12,46,123.212,36.545,525.79,25,32981,8.368,5.002,6,0,37,123.196,36.474,176.353,7,11062,20.664,12.911,14,7,148,123.065,36.378,435.509,18,27318
194,31.119,23.515,36.162,21.455,19.949,39.394,6.692,6.439,7.203,5.5,39.337,0.85,7.454,21.212,95.833,51.189,5.674,1.31,0.764,0.946,132.51,28.996,134,58,234,23.529,36.115,4123.612,131,258660,26.82,8.156,20,9,56,23.518,36.256,834.607,26,52352,7.372,5.063,5,0,32,23.578,36.287,229.424,6,14391,27.97,16.399,19,5,169,23.531,36.467,870.413,24,54598
195,33.526,112.098,35.515,22.957,108.965,39.394,6.061,7.828,8.415,5.073,115.938,0.799,8.475,110.227,90.025,118.474,5.359,1.659,0.603,0.953,176.911,51.214,255,39,255,112.274,35.499,5931.188,183,372043,27.326,7.055,27,8,57,112.061,35.634,916.151,27,57467,7.111,4.945,4,0,35,111.905,35.878,238.4,6,14954,26.135,10.355,22,5,68,111.898,35.601,876.216,25,54962
196,26.48,8.944,36.939,20.771,5.429,39.268,7.449,5.303,7.854,4.293,22.949,0.771,7.925,5.556,93.939,22.479,4.526,1.83,0.547,0.936,117.949,47,144,26,255,8.876,36.876,3123.286,121,195913,21.614,6.557,20,5,44,8.869,36.974,572.341,21,35901,10.09,6.194,6,0,39,8.793,37.001,267.176,9,16759,29.99,19.323,14,5,136,8.855,36.943,794.129,25,49813
197,13.36,30.219,36.26,13.499,28.409,38.384,3.662,4.419,4.505,3.776,86.965,0.921,4.596,29.04,90.909,110.925,3.662,1.193,0.838,0.962,95.018,26.213,72,41,185,30.199,36.361,1269.399,91,79625,21.56,5.108,20,8,38,30.242,36.345,288.028,21,18067,11.056,6.006,10,0,47,30.156,36.46,147.705,10,9265,18.931,6.926,18,7,50,30.143,36.26,252.907,18,15864
198,35.264,65.21,34.829,22.348,61.364,38.005,7.323,6.439,7.101,6.323,1.481,0.887,7.393,61.364,94.444,7.853,6.43,1.123,0.89,0.961,160.037,41.565,255,76,255,65.154,34.748,5643.558,154,354001,32.471,11.331,27,12,71,65.221,34.953,1145.049,30,71825,8.446,5.864,5,0,37,65.146,34.883,297.832,7,18682,29.159,17.517,17,6,127,65.278,35.023,1028.273,23,64500
199,6.903,128.703,34.763,13.999,127.904,38.005,1.389,6.313,6.244,1.408,89.057,0.443,6.318,129.04,97.475,87.709,1.389,4.437,0.225,0.945,114.889,57.21,255,35,255,128.829,35.212,793.077,108,49747,15.014,3.818,13,5,28,128.727,34.647,103.64,15,6501,13.857,5.217,11,3,32,128.717,34.555,95.653,14,6000,21.48,8.822,18,7,55,128.785,34.668,148.279,19,9301
200,30.944,12.059,32.893,22.034,8.586,36.111,6.944,6.439,7.596,5.187,38.7,0.801,7.889,9.975,99.242,50.194,5.652,1.465,0.683,0.943,140.173,53.036,255,27,255,11.862,33.032,4337.477,141,272075,24.482,6.702,20,7,49,11.977,32.98,757.574,24,47520,8.361,6.009,5,0,51,12.055,32.96,258.726,7,16229,25.459,13.883,18,4,123,11.868,33.015,787.8,23,49416
201,2.726,0.453,33.738,7.372,0,35.354,1.01,3.157,3.205,1.083,90.695,0.63,3.197,0,93.813,99.09,1.01,2.959,0.338,0.963,103.135,42.572,85,38,211,0.409,33.493,281.157,97,17636,17.602,4.678,13,7,31,0.418,33.854,47.986,17,3010,3.491,2.777,0,0,12,0.397,33.71,9.517,3,597,16.088,19.61,11,4,172,0.357,33.397,43.857,11,2751
202,20.852,70.638,32.55,17.828,67.929,35.354,5.303,5.556,6.065,4.377,52.238,0.824,6.273,68.182,98.737,40.101,4.594,1.386,0.722,0.934,135.362,47.961,115,41,255,70.446,32.439,2822.616,131,177053,29.501,6.262,27,13,53,70.67,32.592,615.162,29,38587,6.475,4.885,4,0,50,70.672,32.731,135.015,5,8469,31.977,19.449,20,9,242,70.888,32.828,666.799,26,41826
203,25.093,60.39,31.474,20.414,57.576,34.848,5.808,6.566,7.425,4.303,129.855,0.757,7.454,57.954,94.823,128.811,4.582,1.726,0.58,0.912,169.239,55.248,255,49,255,60.249,31.578,4246.718,168,266382,24.589,5.885,27,8,46,60.292,31.581,617.011,24,38703,9.525,5.332,6,0,44,60.368,31.316,239.022,9,14993,30.499,20.955,20,5,249,60.394,31.617,765.322,26,48006
204,34.945,90.584,31.074,23.697,87.121,34.596,6.692,6.944,7.317,6.081,49.072,0.782,7.652,88.51,101.136,52.374,6.428,1.203,0.831,0.946,139.921,35.481,120,64,255,90.652,31.046,4889.588,136,306707,37.145,14.305,27,8,84,90.484,31.136,1298.047,34,81422,9.873,6.599,6,0,71,90.61,31.208,345.005,8,21641,26.888,25.15,15,4,255,90.406,31.418,939.602,21,58938
205,45.579,81.595,30.308,26.671,77.525,33.965,8.46,7.323,8.997,6.45,30.951,0.805,9.039,77.651,101.136,28.355,6.678,1.395,0.717,0.946,143.555,31.034,136,66,255,81.47,30.351,6543.066,141,410424,37.545,12.371,41,11,81,81.555,30.411,1711.269,38,107342,9.629,6.374,6,0,47,81.837,30.506,438.857,8,27528,31.987,18.544,18,5,177,81.42,30.485,1457.947,28,91452
206,41.29,102.075,30.346,25.082,97.727,33.965,8.586,6.692,8.467,6.209,164.992,0.825,8.793,97.853,97.601,158.962,6.609,1.364,0.733,0.944,152.342,50.191,129,40,255,101.874,30.56,6290.27,152,394567,31.396,9.519,27,11,65,101.949,30.448,1296.357,30,81316,6.878,4.891,4,0,44,102.3,30.204,283.995,6,17814,24.759,12.403,16,6,125,101.887,30.507,1022.31,22,64126
207,35.248,17.869,29.986,22.822,14.646,33.712,6.313,7.323,7.354,6.102,90.929,0.85,7.505,17.045,95.454,102.633,6.313,1.205,0.83,0.955,150.143,39.288,139,41,255,17.817,30.037,5292.288,144,331967,30.686,11.295,20,6,67,17.861,30.054,1081.631,29,67847,5.715,4.501,3,0,35,18.035,30.156,201.43,5,12635,28.823,18.673,17,5,215,18.044,29.972,1015.949,24,63727
208,34.674,28.121,29.775,22.343,25.126,33.46,5.808,7.323,7.52,5.871,88.225,0.873,7.564,27.525,103.03,75.5,5.808,1.281,0.781,0.967,162.034,42.168,255,59,255,27.937,29.758,5618.434,159,352425,22.766,6.468,20,8,54,28.219,29.848,789.41,22,49517,11.663,6.884,7,0,44,28.323,30.027,404.406,10,25367,26.767,27.53,15,6,255,28.509,29.506,928.14,20,58219
209,26.289,3.931,29.898,20.427,1.263,32.828,5.934,6.313,6.69,5.003,45.882,0.792,7.178,1.768,102.525,50.711,5.353,1.337,0.748,0.932,141.514,46.008,255,53,255,3.648,29.936,3720.226,135,233357,21.352,6.822,20,5,44,3.989,30.035,561.325,20,35210,9.221,6.3,6,0,62,4.073,30.108,242.417,8,15206,26.725,19.424,14,5,136,3.767,29.95,702.573,20,44070
210,13.025,108.445,30.587,13.943,106.566,32.576,4.04,3.914,4.2,3.949,4.024,0.842,4.673,106.944,96.843,141.582,3.914,1.064,0.94,0.959,60.337,16.492,49,33,120,108.261,30.426,785.871,57,49295,20.711,4.349,20,10,35,108.379,30.597,269.758,20,16921,8.925,5.679,7,0,46,108.529,30.374,116.251,8,7292,22.365,20.298,16,7,166,108.554,30.258,291.296,17,18272
211,51.334,125.279,26.692,31.105,121.465,32.197,7.323,11.111,11.212,5.829,74.995,0.667,11.429,123.485,107.954,73.968,6.623,1.923,0.52,0.876,134.857,48.952,131,30,255,125.453,26.996,6922.761,136,434241,20.183,5.762,20,6,45,125.346,26.644,1036.052,20,64988,33.394,12.707,35,2,99,125.349,26.52,1714.234,32,107528,30.894,14.406,15,5,103,125.35,26.631,1585.931,29,99480
212,47.014,117.958,28.26,26.123,114.015,32.071,8.081,7.702,7.991,7.491,18.741,0.866,8.338,115.909,104.545,57.995,7.47,1.067,0.937,0.962,126.02,43.03,132,42,255,117.897,28.444,5924.652,125,371633,21.711,5.7,20,8,49,118.027,28.334,1020.7,21,64025,13.053,8.118,10,0,73,117.248,28.096,613.679,11,38494,25.17,10.666,20,8,130,117.937,28.283,1183.342,23,74227
213,33.909,38.299,29.099,22.896,34.47,31.944,7.955,5.808,8.17,5.285,17.028,0.813,8.177,34.47,101.136,13.392,5.343,1.546,0.647,0.955,134.015,48.452,154,34,251,37.968,29.218,4544.311,135,285049,25.974,8.821,20,7,68,38.086,29.212,880.759,24,55247,6.876,5.851,5,0,91,38.225,29.309,233.155,6,14625,27.036,28.88,16,2,255,38.764,29.343,916.757,19,57505
214,30.577,49.511,27.517,22.299,46.717,31.313,5.303,7.702,7.452,5.225,77.37,0.773,7.785,48.737,105.555,81.607,5.303,1.426,0.701,0.934,154.21,37.769,154,63,255,49.56,27.488,4715.291,155,295774,26.478,6.453,27,9,54,49.482,27.49,809.609,26,50784,6.633,3.903,4,0,26,49.468,27.541,202.833,6,12723,41.215,19.095,26,10,196,49.609,27.722,1260.248,37,79051
215,1.307,0.277,29.973,5.721,0,31.187,0.631,2.525,2.673,0.623,86.95,0.502,2.575,0,100.505,78.69,0.631,4.294,0.233,0.916,74.024,12.832,62,43,100,0.262,30.01,96.769,75,6070,14.512,3.003,13,9,21,0.287,29.977,18.971,14,1190,5.78,3.801,5,0,16,0.279,30.016,7.557,5,474,34.756,26.11,11,10,133,0.252,29.756,45.435,25,2850
216,28.648,73.023,27.304,20.741,69.823,30.556,6.187,6.439,6.83,5.34,49.297,0.837,7.126,71.591,104.798,60.255,5.656,1.279,0.782,0.952,181.444,44.539,255,82,255,73.083,27.395,5198.037,179,326055,24.31,5.548,20,10,46,72.969,27.347,696.435,24,43685,14.067,8.099,9,0,47,72.788,27.314,403.003,13,25279,42.275,15.274,33,14,109,72.947,27.37,1211.114,40,75969
217,23.85,56.349,26.284,19.448,53.662,29.545,5.808,6.061,6.603,4.599,133.744,0.792,6.908,54.419,99.747,120.784,4.994,1.436,0.696,0.939,218.918,45.835,255,81,255,56.341,26.259,5221.09,243,327501,23.933,5.759,20,9,47,56.323,26.248,570.795,23,35804,7.821,4.691,6,0,31,56.406,26.308,186.524,7,11700,24.903,14.652,16,6,119,56.161,26.168,593.927,21,37255
218,16.325,66.162,27.242,16.529,63.384,29.545,4.924,4.419,5.26,3.951,40.844,0.751,5.837,63.636,103.283,38.853,4.349,1.331,0.751,0.918,86.805,14.643,84,53,146,66.214,27.3,1417.071,85,88888,19.247,4.373,20,9,40,66.113,27.23,314.205,19,19709,17.63,8.872,15,2,66,66.065,27.348,287.805,16,18053,35.248,20.551,23,9,175,66.155,27.478,575.418,29,36094
219,50.648,10.033,24.382,27.041,5.556,28.03,8.586,7.197,8.662,7.445,1.707,0.87,8.88,5.808,106.439,29.846,7.197,1.163,0.86,0.969,119.865,32.168,111,38,255,9.888,24.407,6070.985,116,380812,26.966,9.002,20,6,63,9.906,24.528,1365.801,27,85672,6.894,5.267,3,0,51,10.124,24.397,349.15,6,21901,29.664,17.937,22,3,155,10.236,24.153,1502.426,27,94242
220,24.439,108.037,25.552,19.805,104.293,27.904,7.323,4.798,7.258,4.287,5.809,0.783,7.411,104.293,104.04,8.82,4.517,1.693,0.591,0.936,64.558,16.836,54,28,114,107.871,25.584,1577.753,64,98967,14.805,3.638,13,6,37,107.975,25.57,361.824,15,22696,28.029,10.796,21,5,95,108.018,25.606,685.021,27,42969,22.943,11.735,16,5,121,108.125,25.552,560.719,21,35172
221,41.673,44.869,22.093,25.87,41.288,26.641,6.818,8.838,8.636,6.144,108.751,0.782,9.024,43.687,102.778,107.928,6.818,1.405,0.712,0.929,154.544,45.639,255,39,255,44.832,22.187,6440.318,154,403979,24.427,7.889,20,4,54,44.918,22.172,1017.926,23,63851,11.455,6.665,9,0,59,44.567,22.23,477.374,10,29944,37.383,18.064,28,7,159,44.884,22.166,1557.857,34,97719
222,15.767,20.52,24.111,15.063,17.929,26.263,5.303,4.04,5.142,3.904,5.335,0.873,5.423,17.929,106.061,12.095,4.04,1.317,0.759,0.952,54.375,10.391,51,30,93,20.417,24.096,857.324,53,53777,15.116,4.037,13,4,32,20.323,24.126,238.336,15,14950,19.215,9.414,13,1,62,20.266,24.137,302.966,18,19004,25.602,15.068,18,7,101,20.738,23.973,403.657,20,25320
223,50.728,79.943,22.142,28.026,75.252,25.631,9.596,7.449,9.817,6.579,23.373,0.812,9.849,76.01,109.848,36.135,6.769,1.492,0.67,0.949,137.651,32.051,122,61,254,79.777,22.159,6982.784,135,438006,28.908,9.234,27,5,65,80.025,22.396,1466.46,28,91986,7.065,6.174,3,0,78,80.128,22.473,358.413,5,22482,31.838,25.671,16,3,255,80.193,22.333,1615.073,24,101308
224,6.074,0.851,23.368,9.81,0,25.253,1.894,3.788,3.862,2.002,88.858,0.793,3.863,0.126,107.702,78.69,1.894,1.929,0.518,0.963,36.801,6.444,35,22,56,0.814,23.412,223.526,36,14021,8.039,5.105,6,0,27,0.787,23.855,48.831,6,3063,2.084,2.339,0,0,15,0.778,23.85,12.658,1,794,10.433,4.46,9,3,28,0.799,23.604,63.37,10,3975
225,37.464,91.371,20.752,24.085,87.247,24.242,7.955,6.566,8.382,5.691,28.852,0.812,8.445,87.5,110.48,31.551,6.033,1.473,0.679,0.948,151.746,41.478,119,62,255,91.332,20.804,5685.056,147,356604,31.971,10.847,27,12,72,91.41,20.848,1197.754,31,75131,10.724,6.952,7,0,47,91.587,20.89,401.76,9,25201,37.261,17.733,25,9,134,91.577,20.852,1395.964,33,87564
226,41.577,99.895,20.741,24.577,96.212,24.116,8.081,6.944,8.045,6.58,24.714,0.865,8.558,96.338,110.48,21.644,6.944,1.223,0.818,0.968,133.093,39.289,96,57,255,99.872,20.949,5533.653,129,347107,27.451,9.8,20,9,66,99.883,20.6,1141.351,26,71593,42.748,16.763,31,6,112,99.85,20.598,1777.333,41,111486,36.86,18.58,36,6,169,99.83,20.594,1532.541,35,96131
227,37.512,63.024,19.984,23.654,59.596,23.737,6.692,7.449,8.011,5.962,126.89,0.843,8.37,60.48,105.934,123.93,6.323,1.344,0.744,0.958,154.096,35.405,151,65,255,63.022,19.927,5780.438,151,362587,28.993,10.534,20,7,68,63.074,20.016,1087.594,28,68221,8.406,5.712,5,0,48,62.996,20.094,315.337,7,19780,31.474,18.19,18,5,139,63.095,20.188,1180.664,27,74059
228,48.257,69.873,19.01,28.648,66.414,23.737,6.818,9.596,9.775,6.286,80.081,0.739,9.664,67.677,114.646,61.091,6.752,1.555,0.643,0.913,169.186,51.752,255,40,255,69.721,18.87,8164.436,169,512127,27.587,8.466,20,9,62,69.9,18.792,1331.27,26,83506,6.837,5.204,3,0,39,69.811,19.676,329.956,6,20697,33.786,15.371,25,6,114,69.98,19.242,1630.41,31,102270
229,16.532,109.653,21.415,15.489,107.071,23.485,4.924,4.04,5.129,4.104,168.974,0.866,5.675,107.197,106.313,147.724,4.04,1.25,0.8,0.968,44.499,7.329,41,26,67,109.542,21.474,735.653,44,46145,17.126,4.136,17,7,33,109.625,21.393,283.134,17,17760,11.157,8.04,6,0,91,109.324,21.658,184.451,10,11570,21.675,12.169,17,7,138,109.443,21.62,358.333,19,22477
230,52.019,30.036,19.004,28.383,25.884,23.106,8.586,8.712,9.573,6.919,52.09,0.811,9.84,26.01,112.374,33.486,6.997,1.384,0.723,0.95,164.7,41.813,255,73,255,29.96,19.062,8567.583,157,537415,31.133,9.001,27,10,64,30.061,19.101,1619.505,31,101586,6.976,5.446,3,0,43,30.307,19.286,362.908,6,22764,31.735,15.862,21,8,146,30.169,19.261,1650.816,28,103550
231,43.427,36.764,17.09,26.807,33.46,21.843,6.944,9.343,9.145,6.046,70.016,0.759,9.646,35.227,116.667,75.6,6.235,1.513,0.661,0.93,183.691,44.899,255,62,255,36.854,16.931,7977.084,179,500375,27.299,7.523,27,11,59,36.675,17.208,1185.495,26,74362,6.777,4.881,3,0,45,36.646,17.19,294.309,6,18461,31.021,12.569,24,6,146,36.768,17.324,1347.133,28,84501
232,54.443,18.809,17.409,28.574,13.636,20.96,10.227,6.944,10.196,6.799,3.544,0.838,10.379,13.636,112.626,9.806,6.944,1.5,0.667,0.969,154.767,34.236,150,63,255,18.749,17.337,8425.921,153,528529,29.71,9.411,27,8,64,18.763,17.479,1617.481,30,101459,5.936,4.553,3,0,42,18.879,17.518,323.149,5,20270,30.13,17.062,25,6,171,18.779,17.585,1640.374,26,102895
233,83.968,116.429,14.354,37.75,111.616,20.581,10.354,12.626,13.404,7.976,54.593,0.74,14.017,114.015,121.212,60.895,8.674,1.68,0.595,0.937,85.525,33.87,91,27,253,116.131,13.967,7181.36,83,450462,17.968,4.59,20,6,38,116.305,14.326,1508.707,18,94636,17.546,12.274,8,0,87,115.305,13.876,1473.299,14,92415,28.175,23.313,16,6,255,116.031,14.198,2365.76,22,148396
234,33.989,50.902,16.507,23.026,47.475,19.571,6.818,6.313,7.076,6.116,34.366,0.806,7.567,47.475,114.141,25.71,6.313,1.157,0.864,0.945,151.476,40.264,255,67,255,50.843,16.562,5148.489,146,322947,31.242,9.938,27,11,70,50.886,16.598,1061.879,30,66608,6.979,5.074,5,0,38,51.066,16.581,237.204,6,14879,30.284,16.247,16,6,125,50.943,16.614,1029.309,26,64565
235,24.408,5.112,16.631,19.09,2.399,19.444,5.682,5.934,6.603,4.706,45.637,0.842,6.823,3.283,115.404,51.009,5,1.403,0.713,0.953,82.114,32.71,59,34,191,4.841,16.468,2004.191,74,125716,17.321,6.894,13,3,40,4.848,16.444,422.756,17,26518,4.899,4.757,2,0,47,4.897,16.414,119.583,4,7501,25.644,30.395,11,4,255,4.756,16.312,625.907,16,39261
236,47.811,105.868,13.682,26.659,101.641,17.55,8.712,7.576,8.867,6.865,26.47,0.845,9.384,101.768,117.677,23.806,7.199,1.292,0.774,0.957,137.564,51.868,255,33,255,105.84,13.825,6577.039,142,412555,23.75,6.316,20,7,48,105.967,13.64,1135.5,23,71226,10.249,6.232,7,0,51,105.931,13.584,490.016,9,30737,19.776,11.008,14,5,155,106.032,13.6,945.501,18,59308
237,33.75,91.218,14.045,22.256,87.752,17.045,7.323,5.934,7.352,5.845,15.186,0.856,7.631,87.752,116.793,16.336,5.916,1.258,0.795,0.954,151.101,39.534,128,69,255,91.249,14.023,5099.594,149,319880,29.299,10.64,20,9,68,91.217,14.109,988.847,28,62027,8.376,6.204,3,0,41,91.106,14.219,282.687,7,17732,26.869,14.57,19,7,115,91.16,14.183,906.825,23,56882
238,28.808,73.483,12.95,21.917,70.454,16.667,6.061,7.323,8.194,4.476,57.466,0.754,8.207,71.086,119.318,53.13,4.753,1.831,0.546,0.937,180.052,47.482,255,48,255,73.498,12.726,5186.862,180,325354,29.727,9.439,27,12,62,73.496,13.161,856.368,28,53717,5.353,4.751,2,0,34,73.438,13.392,154.209,4,9673,28.204,18.329,16,6,169,73.487,13.396,812.479,23,50964
239,34.898,61.413,13.025,24.307,58.207,16.288,7.449,7.071,7.646,5.811,29.351,0.742,8.161,58.838,119.444,34.919,6.113,1.316,0.76,0.932,124.379,31.813,125,57,255,61.521,13.144,4340.522,120,272266,25.33,8.843,20,4,59,61.318,13.218,883.964,24,55448,8.551,5.636,7,0,39,61.322,13.202,298.422,7,18719,27.984,13.178,16,5,75,61.464,13.256,976.556,25,61256
240,24.392,9.863,11.891,19.731,7.323,15.278,4.924,6.818,7.158,4.339,110.029,0.787,7.179,8.333,114.015,113.86,4.434,1.65,0.606,0.947,175.425,51.773,255,67,255,9.735,11.878,4278.905,177,268401,23.706,6.665,20,7,52,9.895,12.053,578.224,23,36270,6.678,4.681,4,0,39,10.029,11.898,162.882,6,10217,16.321,10.013,11,2,83,9.819,12.228,398.093,14,24971
241,12.961,1.21,11.95,14.909,0,15.025,2.904,5.808,5.66,2.916,94.202,0.733,5.875,0.126,114.141,98.653,2.904,1.941,0.515,0.968,53.509,16.672,40,26,117,1.059,12.057,693.534,50,43503,11.389,5.397,6,3,37,0.968,11.951,147.609,11,9259,2.429,2.907,0,0,20,0.866,11.878,31.486,2,1975,14.109,6.971,11,4,77,1.044,11.851,182.873,12,11471
242,48.401,22.364,10.743,37.78,17.172,14.646,9.975,7.828,10.245,6.015,23.644,0.426,10.844,17.298,120.328,27.759,6.724,1.703,0.587,0.855,152.479,47.138,255,34,255,22.298,10.929,7387.381,150,463385,24.397,7.322,20,8,56,22.313,10.791,1182.019,23,74144,15.461,8.465,12,0,53,22.476,10.767,749.045,14,46985,30.387,17.134,20,5,141,22.218,10.932,1472.215,26,92347
243,30.019,77.973,11.115,21.799,75,14.646,6.187,7.449,8.314,4.597,55.958,0.794,8.38,76.263,121.97,59.184,4.678,1.809,0.553,0.952,126.758,27.912,122,56,219,77.983,11.085,3805.182,130,238686,27.815,10.519,20,5,60,77.766,11.102,834.973,26,52375,7.151,5.813,4,0,59,77.59,10.836,214.662,6,13465,36.801,22.833,25,8,231,77.789,11.363,1104.747,30,69297
244,31.9,48.126,9.768,22.003,45.076,13.258,6.439,6.818,6.865,5.917,131.816,0.828,7.408,46.212,115.909,119.624,5.924,1.16,0.862,0.952,138.173,29.823,130,65,244,48.151,9.748,4407.766,135,276484,29.192,10.398,27,6,67,48.124,9.869,931.248,27,58414,13.126,8.316,8,0,86,48.369,9.826,418.722,11,26265,34.426,24.841,19,8,228,48.374,9.925,1098.195,28,68886
245,19.481,29.746,9.036,17.384,26.641,11.742,5.682,5.303,5.949,4.17,34.589,0.81,5.998,27.02,121.465,30.343,4.474,1.427,0.701,0.926,78.053,19.551,82,37,144,29.591,9.016,1520.584,77,95381,18.342,5.026,20,6,40,29.638,9.046,357.329,18,22414,9.259,5.761,7,0,43,29.772,9.022,180.386,8,11315,38.724,44.35,14,6,255,29.625,8.615,754.401,22,47321
246,15.878,53.406,9.006,17.384,50.884,11.742,5.051,5.934,6.337,3.19,49.035,0.66,6.735,51.136,123.358,59.589,3.787,1.986,0.503,0.909,72.974,16.796,76,32,127,53.346,8.935,1158.712,73,72682,18.26,3.791,20,7,33,53.374,8.933,289.941,18,18187,24.023,10.891,19,3,75,53.343,8.967,381.449,22,23927,38.102,39.979,15,4,255,53.003,8.583,605.007,28,37950
247,55.862,93.859,7.382,29.079,89.141,11.49,8.965,7.955,9.242,7.696,26.006,0.83,9.775,89.268,123.232,28.551,7.828,1.201,0.833,0.96,157.322,36.421,142,61,255,94.051,7.307,8788.255,154,551257,35.864,11.412,27,10,85,93.808,7.441,2003.41,35,125667,5.667,4.374,4,0,39,93.504,7.453,316.564,5,19857,29.502,15.088,19,6,120,93.712,7.378,1648.042,26,103376
248,54.06,124.883,6.822,28.039,120.959,11.111,8.081,8.586,8.828,7.797,58.202,0.864,9.072,121.212,125.252,34.796,8.039,1.132,0.883,0.965,113.548,33.453,101,30,252,124.883,7.029,6138.405,106,385041,20.105,6.412,20,6,46,124.88,6.866,1086.892,20,68177,31.926,13.57,23,3,99,124.905,6.829,1725.936,31,108262,34.55,16.443,23,5,136,124.893,6.897,1867.758,32,117158
249,46.232,67.055,6.621,26.358,62.374,10.101,8.965,6.692,9.129,6.448,14.564,0.836,9.224,62.374,123.864,19.179,6.68,1.416,0.706,0.962,91.097,36.858,68,27,245,66.421,6.511,4211.629,85,264181,21.814,12.448,13,1,63,66.237,6.417,1008.536,19,63262,6.067,6.232,1,0,45,66.044,6.443,280.487,4,17594,23.727,22.817,13,3,255,66.75,6.789,1096.968,17,68809
250,34.898,104.65,6.448,23.919,100.126,9.091,8.838,5.177,9.178,4.841,14.323,0.767,9.303,100.126,124.242,18.189,5.02,1.896,0.527,0.961,142.835,28.624,138,66,245,104.673,6.387,4984.571,143,312665,24.914,8.021,20,8,56,104.653,6.491,869.424,24,54536,5.465,4.235,3,0,38,104.904,6.642,190.701,5,11962,31.096,21.442,24,6,255,104.93,6.517,1085.186,26,68070
251,25.874,40.092,4.505,22.687,37.752,8.712,4.293,8.838,8.724,3.776,97.546,0.632,8.896,40.53,120.454,96.52,4.212,2.31,0.433,0.902,96.69,25.848,98,36,232,40.084,4.459,2501.779,97,156928,18.732,4.441,20,7,38,40.104,4.506,484.675,19,30402,24.79,10.56,21,4,64,40.189,4.562,641.419,24,40234,35.125,25.525,20,8,255,40.162,4.187,908.834,29,57008
252,35.009,16.288,5.427,23.845,11.869,7.955,9.091,4.924,9.218,4.835,173.885,0.774,9.216,11.869,122.98,170.538,4.924,1.906,0.525,0.959,153.24,37.446,140,65,255,16.213,5.505,5364.777,147,336514,32.934,10.428,27,12,75,16.264,5.448,1153.004,32,72324,15.5,9.233,8,0,66,16.141,5.509,542.641,14,34038,26.876,12.105,16,5,101,16.328,5.348,940.893,25,59019
253,21.474,28.038,4.527,18.795,24.874,7.071,5.934,5.682,7.046,3.881,143.233,0.764,7.198,25.631,122.096,127.875,4.014,1.816,0.551,0.938,126.383,39.092,102,28,241,28.028,4.303,2713.97,123,170238,20.16,5.586,20,6,40,27.952,4.618,432.911,20,27155,9.944,6.453,10,0,48,28.018,4.48,213.546,9,13395,25.747,28.112,16,3,255,28.214,4.515,552.892,19,34681
254,25.316,2.35,3.768,19.996,0,6.944,5.051,6.818,7.287,4.423,60.841,0.796,7.883,0.253,129.04,58.092,4.774,1.647,0.607,0.968,93.539,42.509,122,23,226,2.021,3.462,2368.056,99,148540,22.628,14.128,6,1,70,1.857,3.488,572.851,19,35933,5.514,5.104,2,0,29,1.893,3.469,139.59,4,8756,21.605,15.154,12,4,124,2.055,3.655,546.961,18,34309
255,32.793,54.762,3.234,22.386,51.641,6.944,5.934,6.944,7.451,5.604,66.437,0.822,7.845,52.399,129.04,56.821,5.78,1.33,0.752,0.961,164.382,44.079,255,62,255,54.852,3.087,5390.587,159,338133,37.258,13.465,20,10,82,54.76,3.316,1221.811,36,76640,5.299,4.556,1,0,34,54.763,3.527,173.77,4,10900,29.135,18.788,20,5,147,54.787,3.629,955.433,24,59931
256,33.479,82.201,3.125,22.317,78.409,6.187,7.449,6.187,7.799,5.466,24.299,0.845,8.254,78.535,127.904,29.31,5.704,1.427,0.701,0.963,64.802,20.135,62,25,150,82.107,3.033,2169.496,62,136085,14.326,5.266,13,1,34,82.1,3.041,479.621,14,30085,10.155,11.341,4,0,179,81.747,3.343,339.984,7,21326,31.44,41.578,13,4,255,81.715,3.428,1052.569,19,66024
257,28.01,45.022,3.012,19.996,41.793,5.808,6.566,5.429,6.808,5.238,157.7,0.88,6.948,41.793,124.747,160.907,5.307,1.3,0.769,0.967,139.108,36.801,122,40,255,45.064,3.017,3896.468,133,244412,29.911,9.893,20,8,64,45.006,2.93,837.827,28,52554,7.796,5.452,6,0,42,44.763,3.105,218.36,7,13697,28.106,14.482,18,8,183,45.272,2.916,787.258,25,49382
258,16.787,26.214,1.518,17.139,23.737,4.04,5.808,4.167,6.026,3.547,156.789,0.718,6.62,24.116,125.379,145.098,4.109,1.699,0.589,0.959,160.743,46.057,255,49,255,26.482,1.51,2698.41,158,169262,22.813,6.418,20,6,46,26.199,1.512,382.964,22,24022,9.31,6.095,3,0,38,26.025,1.659,156.281,8,9803,25.391,11.21,17,5,72,26.345,1.45,426.247,25,26737
259,19.067,36.24,1.768,17.139,33.46,4.04,5.682,4.167,5.812,4.177,164.074,0.816,6.27,33.46,126.641,154.983,4.167,1.392,0.719,0.962,109.29,28.682,110,44,211,36.477,1.684,2083.822,108,130711,36.197,10.808,27,12,66,36.437,1.686,690.17,36,43292,10.898,5.977,11,0,47,36.547,1.813,207.791,10,13034,29.168,16.518,14,7,132,36.643,1.684,556.144,26,34885
260,13.36,102.973,1.042,15.353,100,2.525,6.061,2.652,6.091,2.793,177.73,0.712,6.144,100,129.167,9.462,2.652,2.181,0.458,0.969,94.436,25.394,88,32,187,102.81,1.026,1261.619,93,79137,25.604,6.937,20,10,48,103.101,0.999,342.056,25,21456,8.868,6.107,8,0,45,103.077,0.969,118.467,8,7431,26.439,30.758,20,6,255,102.97,0.759,353.216,20,22156
261,6.265,68.187,0.893,9.915,66.667,2.273,3.409,2.399,3.387,2.355,161.632,0.801,3.748,66.919,127.273,147.381,2.399,1.438,0.695,0.953,49.868,8.929,49,30,73,68.084,0.888,312.435,50,19598,14.697,6.528,13,3,35,67.984,1.095,92.082,13,5776,2.313,2.605,0,0,18,68.065,0.738,14.491,2,909,15.008,5.634,12,5,40,68.141,0.922,94.027,14,5898
262,13.439,17.058,0.998,16.807,13.51,2.146,7.071,2.146,7.56,2.264,1.114,0.598,7.126,13.51,127.778,172.875,2.146,3.34,0.299,0.965,129.744,26.477,122,69,223,17.076,0.949,1743.663,127,109374,44.657,12.882,43,16,89,17.015,0.971,600.16,44,37646,7.254,4.162,6,0,26,16.948,1.035,97.487,7,6115,22.994,9.202,14,7,53,16.97,0.947,309.024,22,19384
263,9.549,88.197,0.799,13.703,85.227,2.02,5.556,2.146,5.508,2.207,3.908,0.639,5.604,85.227,129.293,14.349,2.146,2.495,0.401,0.96,132.107,36.886,161,54,243,88.332,0.789,1261.539,134,79132,27.277,7.771,21,8,53,88.179,0.758,260.48,27,16339,9.29,5.623,7,0,43,88.181,0.705,88.718,8,5565,24.048,10.784,15,4,61,87.901,0.7,229.648,23,14405
264,10.474,125.648,0.674,16.259,122.096,1.894,7.071,2.02,6.833,1.952,0.422,0.498,7.089,122.096,129.293,4.086,2.02,3.501,0.286,0.933,125.419,47.676,100,37,255,125.895,0.675,1313.638,118,82400,18.505,5.038,20,7,37,125.897,0.656,193.825,18,12158,14.023,5.676,13,3,36,125.729,0.641,146.876,13,9213,26.441,13.199,20,6,102,126.032,0.671,276.948,23,17372
265,4.591,110.606,0.588,8.665,108.965,1.389,3.409,1.515,3.549,1.647,175.892,0.768,3.556,108.965,128.283,163.496,1.515,2.154,0.464,0.97,50.448,17.387,37,21,98,110.518,0.487,231.624,46,14529,13.163,3.068,13,6,22,110.576,0.559,60.437,13,3791,30.253,12.959,23,6,76,110.457,0.656,138.904,29,8713,18.962,9.763,12,6,60,110.442,0.542,87.06,16,5461
266,4.193,63.247,0.479,8.844,61.364,1.263,3.662,1.389,3.673,1.453,0.992,0.674,3.716,61.364,129.293,9.782,1.389,2.527,0.396,0.96,88.563,49.014,51,31,228,63.017,0.349,371.326,71,23292,23.133,6.602,20,10,39,63.324,0.479,96.992,23,6084,5.137,4.849,1,0,25,63.481,0.436,21.538,4,1351,39.935,51.602,12,5,255,63.866,0.289,167.441,21,10503
267,1.786,94.616,0.34,5.53,93.687,1.01,2.146,1.136,2.207,1.03,166.722,0.734,2.321,93.687,128.409,157.62,1.136,2.142,0.467,0.922,89.089,43.431,55,37,200,94.756,0.228,159.071,74,9978,19.857,4.335,20,10,32,94.643,0.326,35.455,20,2224,8.062,4.235,6,1,20,94.493,0.323,14.396,7,903,16.339,5.023,17,4,27,94.727,0.309,29.174,17,1830
