,P7,P28,P70
0,42.832,49.609,58.111
1,37.015,41.682,40.659
2,41.042,38.613,37.59
3,73.071,32.668,76.523
4,15.215,29.088,42.577
5,2.941,39.444,67.637
6,31.133,29.343,6.585
7,5.178,25.124,33.946
8,5.178,17.772,70.066
9,56.897,43.6,62.714
10,1.47,44.878,18.603
11,26.083,29.983,72.751
12,31.197,29.855,74.541
13,33.435,43.344,44.303
14,33.691,79.208,33.946
15,28.768,29.919,38.933
16,49.865,30.366,56.193
17,44.431,39.636,24.868
18,5.818,7.416,36.631
19,10.676,29.088,69.682
20,1.343,22.695,41.17
21,40.339,37.207,43.088
22,28.896,3.196,21.8
23,79.336,42.065,29.088
24,32.987,44.558,56.066
25,29.216,33.307,38.805
26,36.823,29.471,39.188
27,22.567,34.522,59.774
28,45.262,45.198,30.814
29,45.326,63.29,58.815
30,3.26,1.215,33.179
31,27.489,20.074,9.909
32,36.631,35.353,20.457
33,31.325,22.439,69.299
34,27.362,47.18,53.317
35,38.229,37.015,46.029
36,52.869,67.829,47.691
37,1.406,24.293,74.797
38,46.732,32.412,31.709
39,15.471,32.987,49.161
40,59.518,24.677,45.773
41,55.618,32.284,47.755
42,23.845,16.366,6.201
43,44.878,43.344,70.833
44,1.023,37.782,73.007
45,42.449,61.564,43.152
46,41.809,36.695,54.02
47,27.489,2.174,76.459
48,60.477,77.162,50.184
49,43.408,4.155,44.303
50,128.945,12.274,45.773
51,29.407,62.65,48.842
52,40.083,36.503,2.429
53,38.549,45.581,43.6
54,23.526,60.349,15.087
55,55.746,13.233,59.646
56,77.226,3.388,62.267
57,41.554,11.955,22.183
58,48.522,33.435,70.002
59,35.481,62.778,26.722
60,33.115,21.16,92.825
61,40.851,15.918,52.741
62,54.34,34.074,118.013
63,35.353,26.722,86.176
64,25.124,38.229,8.119
65,13.425,38.741,65.08
66,41.809,10.101,6.713
67,93.4,63.737,54.659
68,34.713,15.023,13.297
69,36.759,36.823,48.714
70,2.749,34.074,51.015
71,36.439,32.923,37.526
72,72.879,38.102,52.166
73,15.023,52.613,40.083
74,8.183,2.11,30.43
75,55.107,31.261,37.782
76,40.019,35.672,16.813
77,39.188,6.393,6.329
78,26.339,40.659,52.933
79,36.695,38.997,83.619
80,30.814,0.959,24.74
81,43.6,26.275,56.897
82,26.339,50.696,14.512
83,16.622,38.549,15.279
84,39.252,25.955,66.358
85,4.028,22.439,69.299
86,22.119,8.247,50.696
87,1.023,7.288,33.435
88,29.855,55.235,72.431
89,17.772,50.696,60.669
90,28.64,60.732,73.135
91,36.376,65.591,7.799
92,29.343,44.111,33.435
93,5.242,33.627,47.435
94,35.161,36.567,10.229
95,35.608,7.799,18.284
96,38.741,45.39,66.87
97,53.317,1.662,14.32
98,45.07,35.097,25.635
99,54.723,32.476,1.918
100,43.983,33.243,58.111
101,35.289,35.672,73.582
102,51.91,2.238,46.54
103,24.74,42.193,2.429
104,1.918,24.165,79.847
105,28.384,38.997,63.737
106,20.329,38.741,67.317
107,34.969,8.055,80.423
108,29.535,36.759,5.498
109,44.622,19.37,64.121
110,11.124,36.631,21.16
111,47.883,38.997,67.701
112,43.6,64.696,6.457
113,37.91,30.047,57.025
114,14.0,12.914,31.261
115,45.262,61.18,90.268
116,38.421,41.17,96.021
117,45.773,37.654,80.167
118,59.326,46.157,43.152
119,46.668,62.97,53.636
120,39.38,35.097,32.476
121,2.813,27.106,65.08
122,12.658,6.649,53.956
123,34.074,31.069,44.878
124,2.365,48.202,90.332
125,34.138,38.485,28.832
126,37.718,48.65,37.207
127,8.055,56.897,53.7
128,39.764,34.33,21.544
129,43.919,5.562,68.532
130,43.28,37.207,6.649
131,16.685,22.759,51.974
132,16.174,41.298,36.887
133,61.116,24.996,2.621
134,53.253,36.759,97.428
135,35.8,25.891,3.005
136,51.527,33.115,65.527
137,26.914,40.978,29.024
138,11.124,4.028,64.888
139,10.42,42.768,59.326
140,8.183,42.257,65.719
141,42.001,4.155,31.261
142,40.723,52.677,48.842
143,8.311,47.627,74.158
144,42.385,6.713,39.508
145,8.503,12.274,1.47
146,20.074,22.247,35.097
147,48.906,48.778,62.522
148,73.582,42.768,24.165
149,40.978,5.498,15.663
150,33.882,17.069,30.43
151,7.735,17.9,74.605
152,29.535,31.325,16.941
153,37.462,8.694,79.655
154,42.768,35.928,54.851
155,40.339,37.91,40.851
156,50.696,37.079,45.965
157,84.961,67.701,1.854
158,14.256,23.27,53.892
159,28.257,35.481,37.462
160,7.863,27.937,53.956
161,2.557,30.75,27.234
162,39.892,27.106,50.248
163,66.422,25.252,15.918
164,58.431,31.901,43.216
165,17.517,61.5,29.407
166,59.774,17.836,18.539
167,1.982,9.142,47.435
168,18.092,28.193,52.613
169,1.151,58.495,42.577
170,4.219,9.398,45.581
171,40.787,4.155,32.412
172,14.959,29.663,9.909
173,17.197,41.554,42.768
174,2.174,0.767,36.184
175,2.813,6.457,50.248
176,28.065,20.585,55.107
177,44.495,8.247,45.901
178,48.202,59.965,21.864
179,65.911,18.348,34.649
180,33.563,38.613,44.495
181,45.517,29.663,36.184
182,4.986,45.198,47.499
183,41.554,22.439,59.198
184,16.685,37.782,61.244
185,46.412,61.819,14.832
186,33.818,17.517,51.655
187,1.087,4.923,2.11
188,16.302,29.919,70.322
189,56.513,29.983,46.988
190,35.992,33.627,73.646
191,54.148,2.046,39.956
192,7.927,30.238,10.037
193,11.06,30.174,33.051
194,51.591,25.891,2.685
195,0.959,30.814,33.179
196,36.567,18.156,49.545
197,61.883,33.946,51.655
198,0.767,46.476,36.503
199,38.677,17.069,63.481
200,67.956,9.845,18.859
201,59.134,36.759,0.959
202,52.55,28.257,63.162
203,22.95,64.312,41.809
204,36.184,16.813,73.263
205,51.271,24.74,37.462
206,0.767,44.622,9.653
207,33.051,26.467,17.197
208,48.714,2.429,60.732
209,37.718,38.805,4.155
210,42.641,35.353,5.05
211,8.439,28.129,54.723
212,24.932,33.435,80.934
213,37.207,20.777,48.394
214,24.804,16.749,60.86
215,59.518,22.311,43.28
216,2.685,29.727,40.787
217,3.005,34.01,59.39
218,39.061,12.85,60.541
219,3.836,53.381,86.815
220,46.796,29.983,28.065
221,74.158,18.156,34.01
222,66.23,25.827,57.152
223,58.367,32.987,2.685
224,45.198,20.713,52.741
225,3.069,58.239,61.244
226,40.978,38.485,43.024
227,43.727,40.083,5.05
228,18.348,36.567,56.897
229,17.197,1.215,19.115
230,50.44,25.572,45.39
231,38.677,4.859,39.828
232,37.91,26.722,44.303
233,47.627,25.572,59.71
234,29.088,39.572,60.349
235,47.18,27.425,21.992
236,16.302,60.285,44.047
237,53.7,60.924,37.654
238,27.617,11.699,47.243
239,44.814,3.964,55.938
240,42.513,32.604,39.508
241,25.124,6.585,4.539
242,26.722,40.787,40.851
243,52.23,41.49,67.061
244,23.654,55.81,61.372
245,49.673,36.951,47.627
246,71.409,25.891,64.568
247,82.98,54.915,38.549
248,3.196,43.024,83.747
249,4.475,33.179,64.121
250,30.238,19.946,8.183
251,51.271,8.886,8.247
252,68.468,10.293,21.544
253,56.257,38.293,26.658
254,49.481,35.864,46.86
255,62.586,54.851,58.495
256,42.768,30.366,63.993
257,24.357,2.429,31.325
258,48.266,37.462,23.078
259,51.718,26.786,64.057
260,6.904,57.472,25.38
261,7.16,47.691,38.357
262,6.201,36.695,26.914
263,7.735,41.042,26.786
264,50.376,12.019,29.407
265,91.93,19.626,50.312
266,52.805,32.668,41.618
267,49.225,62.139,29.216
268,46.348,38.293,66.294
269,26.53,34.33,52.997
270,51.271,44.239,7.032
271,22.95,26.658,47.499
272,23.59,41.873,32.284
273,57.28,27.937,42.641
274,0.959,23.206,41.298
275,55.171,43.6,48.522
276,48.714,25.252,34.266
277,146.845,37.079,33.754
278,0.959,29.471,30.366
279,47.435,24.293,3.388
280,59.901,25.763,47.883
281,21.16,43.663,5.69
282,53.445,8.822,41.042
283,45.134,0.767,101.967
284,1.662,31.837,62.778
285,22.055,19.818,61.947
286,2.365,5.242,39.764
287,2.174,38.485,27.809
288,34.649,20.01,75.053
289,3.772,10.101,79.016
290,39.188,22.695,21.16
291,43.088,32.987,25.763
292,17.964,33.946,36.951
293,63.801,48.011,50.951
294,52.933,57.216,61.052
295,41.426,34.33,47.755
296,41.49,32.412,50.376
297,30.047,30.878,28.193
298,50.312,27.873,45.07
299,50.248,33.754,12.338
300,29.343,25.38,28.512
301,44.622,53.508,66.102
302,57.152,23.59,1.726
303,19.179,25.124,72.367
304,40.723,36.695,52.613
305,50.951,53.317,86.624
306,94.103,26.467,0.959
307,43.536,4.859,44.111
308,74.797,28.896,55.107
309,35.928,49.992,4.923
310,58.559,62.395,66.294
311,33.754,57.664,1.406
312,0.895,19.115,70.13
313,42.513,22.183,14.895
314,1.982,27.298,40.659
315,23.206,46.988,56.513
316,34.841,30.814,12.658
317,52.933,44.814,77.865
318,47.755,48.778,41.682
319,36.951,14.32,65.847
320,42.385,36.759,20.969
321,60.221,26.211,76.906
322,10.676,32.028,54.084
323,7.544,36.184,11.955
324,45.709,49.353,60.029
325,1.918,34.586,1.47
326,9.589,1.215,70.705
327,81.637,40.531,43.6
328,65.08,22.759,68.34
329,27.745,39.061,1.151
330,9.525,25.38,56.193
331,30.622,20.074,63.354
332,2.429,31.581,40.851
333,14.32,45.517,57.025
334,21.16,14.704,21.033
335,24.804,23.718,66.358
336,106.25,39.828,100.624
337,3.9,8.63,15.79
338,45.645,39.956,78.952
339,48.394,52.294,17.58
340,33.754,28.896,51.846
341,25.38,43.024,3.388
342,0.767,26.083,74.413
343,50.696,34.969,3.069
344,40.787,29.919,33.499
345,50.12,6.073,26.786
346,68.084,31.645,74.669
347,59.518,53.253,62.906
348,159.822,6.713,22.695
349,36.503,27.17,58.431
350,0.767,30.047,61.372
351,23.526,38.805,48.778
352,42.001,23.398,39.892
353,47.627,31.325,9.653
354,30.366,18.603,93.784
355,10.932,4.091,35.097
356,84.13,1.662,33.563
357,61.18,42.704,54.851
358,99.537,37.015,61.116
359,3.005,26.019,41.298
360,1.151,39.892,71.409
361,21.16,27.298,50.632
362,70.258,8.055,31.133
363,50.056,43.024,64.057
364,33.499,40.851,68.979
365,47.243,14.576,43.088
366,38.933,67.573,43.6
367,3.388,59.006,45.07
368,46.348,29.983,31.964
369,2.238,33.435,38.997
370,50.376,7.224,76.395
371,6.776,28.257,46.285
372,9.845,46.54,19.69
373,55.426,41.618,66.422
374,13.936,21.288,42.065
375,49.225,46.732,59.07
376,11.571,0.959,1.79
377,46.86,40.723,6.585
378,54.148,36.695,51.846
379,7.48,35.481,29.471
380,64.952,12.53,64.696
381,53.636,32.668,42.896
382,21.864,65.783,73.263
383,71.217,29.343,14.0
384,56.321,42.641,53.572
385,33.435,36.823,54.723
386,39.124,49.417,30.366
387,35.353,42.768,47.371
388,88.478,51.271,55.938
389,53.7,12.786,0.767
390,66.614,29.535,67.509
391,33.243,49.928,37.782
392,31.389,5.754,29.983
393,54.403,26.786,47.243
394,12.85,54.531,73.518
395,15.663,34.33,60.924
396,50.504,27.873,11.699
397,54.02,20.841,70.897
398,32.092,33.435,26.722
399,18.092,56.577,46.924
400,40.275,40.467,5.114
401,39.892,71.472,18.475
402,39.764,18.092,54.276
403,20.585,25.572,57.088
404,65.591,26.978,7.799
405,60.157,1.854,61.116
406,33.179,58.815,43.344
407,46.668,45.453,28.32
408,70.066,3.133,48.011
409,56.066,1.726,36.376
410,44.878,26.339,63.801
411,36.567,26.147,3.196
412,27.425,20.329,86.304
413,63.801,34.01,35.736
414,17.069,52.869,46.796
415,53.445,26.53,44.942
416,4.859,2.174,71.984
417,68.851,27.809,0.767
418,31.581,26.978,61.564
419,3.26,1.598,67.509
420,1.662,25.572,20.777
421,56.257,39.764,43.983
422,15.535,34.777,52.805
423,33.435,25.827,30.75
424,43.536,14.576,97.747
425,47.307,51.015,45.39
426,72.943,19.051,55.682
427,24.037,52.55,78.696
428,40.339,34.969,61.564
429,3.516,1.726,73.966
430,52.486,27.17,58.303
431,45.965,36.631,49.417
432,15.151,13.553,74.158
433,51.718,26.722,7.863
434,33.818,54.659,42.065
435,47.052,1.406,49.481
436,56.577,47.755,45.837
437,0.767,22.695,57.088
438,7.927,36.823,28.32
439,49.673,28.64,22.311
440,34.394,44.558,55.171
441,9.014,11.379,44.431
442,31.901,26.339,52.102
443,57.92,32.156,70.45
444,8.119,23.782,50.887
445,16.813,26.594,32.732
446,51.015,26.083,53.125
447,70.514,42.641,1.215
448,43.791,11.251,34.202
449,61.755,10.804,74.605
450,51.207,51.591,31.197
451,34.01,31.389,28.32
452,54.915,20.777,51.207
453,45.837,47.755,54.148
454,42.193,41.426,15.727
455,30.43,6.968,42.704
456,6.201,73.199,30.622
457,41.937,13.361,44.686
458,15.087,25.252,51.782
459,61.052,5.242,51.207
460,10.229,14.256,11.379
461,72.751,59.262,9.206
462,46.157,8.311,31.133
463,38.933,31.581,59.326
464,50.12,10.293,24.165
465,25.827,4.347,43.791
466,54.467,52.933,44.558
467,57.536,9.461,69.938
468,8.63,21.736,3.964
469,8.183,44.686,1.215
470,74.03,28.001,41.17
471,12.658,16.11,55.298
472,40.978,20.329,81.573
473,79.272,34.01,44.558
474,42.577,44.303,42.321
475,45.39,53.508,4.475
476,49.353,17.708,34.777
477,1.343,53.7,38.613
478,2.493,7.352,1.023
479,11.955,9.781,55.938
480,32.284,35.672,49.097
481,5.562,33.754,6.585
482,21.544,48.906,50.887
483,34.01,12.019,22.375
484,41.234,18.348,39.572
485,49.865,31.581,49.481
486,5.434,58.751,2.429
487,6.457,3.452,91.163
488,40.403,84.194,58.303
489,34.202,40.467,53.253
490,62.331,19.498,79.528
491,27.617,31.453,15.982
492,62.842,23.845,48.522
493,60.349,2.238,36.376
494,36.503,8.183,43.216
495,30.686,45.645,5.881
496,6.521,17.9,41.682
497,49.609,42.577,81.445
498,36.951,15.087,75.756
499,64.696,0.959,2.621
500,47.947,32.732,66.039
501,9.206,46.221,63.354
502,36.503,33.946,5.306
503,1.406,13.233,1.406
504,3.836,25.316,89.692
505,58.431,37.782,54.979
506,40.403,61.627,9.589
507,29.855,51.079,7.671
508,19.626,49.737,49.097
509,74.861,26.403,43.791
510,0.767,53.445,62.842
511,49.225,60.477,3.388
512,29.535,71.089,66.55
513,43.344,7.671,12.21
514,21.672,65.527,77.482
515,20.074,20.01,68.276
516,23.014,16.046,61.052
517,9.334,14.64,20.585
518,42.193,28.704,2.301
519,3.708,18.412,24.165
520,37.654,25.38,35.161
521,55.043,38.357,4.859
522,41.682,7.032,55.235
523,31.964,32.604,64.952
524,29.471,30.238,80.678
525,50.376,5.498,51.718
526,34.713,4.411,63.29
527,22.631,77.61,61.372
528,22.759,81.126,17.9
529,3.133,49.161,23.909
530,6.585,26.594,3.452
531,1.726,44.047,51.207
532,48.011,62.267,2.365
533,42.129,1.151,64.057
534,66.166,67.637,97.683
535,38.613,58.303,40.978
536,36.376,37.334,45.326
537,4.986,28.64,39.38
538,38.869,59.454,50.951
539,43.024,38.293,34.586
540,30.302,69.171,31.197
541,25.252,63.354,54.915
542,15.343,12.978,13.425
543,48.97,34.266,2.621
544,1.279,36.695,2.238
545,98.898,54.531,79.336
546,85.153,45.773,61.819
547,37.91,50.887,76.011
548,21.544,42.513,17.708
549,25.763,7.096,35.8
550,41.554,37.718,38.293
551,25.124,57.344,75.884
552,67.829,29.791,54.787
553,9.27,53.381,54.595
554,24.613,33.818,82.596
555,40.147,62.267,42.577
556,48.138,12.594,43.983
557,50.504,20.01,58.559
558,51.591,19.434,44.622
559,46.988,33.627,38.421
560,43.727,44.75,39.828
561,32.028,39.572,84.77
562,22.631,42.641,43.536
563,36.887,19.498,5.05
564,29.983,3.516,55.81
565,64.121,29.152,32.412
566,35.544,57.344,58.687
567,3.708,42.513,39.572
568,110.213,46.988,42.321
569,30.494,37.59,72.048
570,26.339,37.718,36.759
571,30.174,4.923,4.219
572,0.959,45.134,60.413
573,140.452,8.758,58.942
574,48.97,14.192,65.399
575,31.069,34.969,45.517
576,43.408,41.298,53.764
577,17.708,22.567,72.943
578,16.046,57.28,6.713
579,14.704,42.832,5.754
580,26.339,35.097,47.499
581,13.617,1.854,78.888
582,24.932,48.458,29.407
583,1.343,24.677,4.667
584,49.865,13.745,34.522
585,53.061,50.568,38.166
586,52.933,63.609,5.881
587,40.467,41.873,22.823
588,24.037,37.846,31.964
589,6.904,6.265,32.54
590,13.233,28.96,36.056
591,1.662,13.297,1.215
592,4.539,62.906,21.416
593,43.791,51.91,51.782
594,65.783,59.582,46.157
595,32.54,77.162,41.682
596,25.635,13.745,96.277
597,35.033,43.088,47.18
598,3.9,55.554,4.091
599,26.978,1.343,58.559
600,53.381,43.472,34.841
601,6.137,53.508,23.462
602,34.586,39.188,25.572
603,21.864,51.782,11.635
604,31.901,5.178,50.951
605,35.033,33.627,36.631
606,33.882,11.379,94.103
607,6.713,14.256,35.033
608,41.17,41.042,6.776
609,25.763,56.705,60.541
610,74.861,46.476,53.125
611,32.987,31.581,68.468
612,26.786,4.283,35.864
613,36.567,22.375,7.863
614,45.006,31.069,7.16
615,42.001,1.023,2.685
616,10.037,57.536,56.002
617,26.658,31.069,27.489
618,40.403,55.171,17.325
619,54.915,42.001,4.923
620,90.204,49.033,32.284
621,5.818,45.645,55.49
622,4.219,55.298,6.201
623,22.823,3.772,18.028
624,35.417,56.257,66.55
625,49.225,53.7,38.485
626,10.676,18.667,52.933
627,32.156,50.696,49.353
628,3.964,7.927,2.301
629,64.888,54.531,52.358
630,48.97,35.161,61.564
631,37.782,39.572,7.799
632,24.868,1.151,43.152
633,29.024,21.928,42.065
634,48.906,33.435,73.071
635,40.787,59.901,49.737
636,36.376,38.549,35.992
637,32.476,12.786,36.567
638,3.772,35.161,57.088
639,2.301,50.76,47.947
640,31.006,33.882,48.394
641,63.929,31.837,37.271
642,43.28,40.531,87.838
643,36.823,22.119,124.15
644,51.846,59.518,39.444
645,55.554,58.815,2.813
646,39.188,57.792,35.417
647,11.06,34.586,55.235
648,38.997,43.408,87.007
649,44.367,47.243,29.663
650,1.534,28.704,34.458
651,30.238,1.406,53.7
652,44.878,63.29,42.321
653,47.563,10.932,51.463
654,16.622,8.375,36.12
655,95.957,64.249,59.39
656,38.741,44.303,68.979
657,46.285,57.152,42.129
658,37.526,49.737,182.389
659,1.854,1.662,48.202
660,36.695,15.023,44.431
661,11.507,55.874,88.989
662,42.704,45.773,29.024
663,61.564,65.975,34.522
664,47.116,4.539,71.728
665,12.338,37.143,86.304
666,57.088,26.019,23.909
667,36.312,26.019,28.065
668,32.092,58.687,74.925
669,40.978,11.635,74.349
670,7.416,23.782,54.531
671,55.938,2.301,32.028
672,39.508,22.119,119.867
673,7.544,45.326,10.676
674,1.47,50.887,37.398
675,57.344,55.362,1.918
676,54.979,66.23,41.298
677,29.216,14.256,63.801
678,61.308,30.75,45.581
679,14.384,54.915,35.033
680,15.407,30.366,48.586
681,7.16,28.32,65.399
682,28.001,31.964,44.878
683,28.512,26.786,53.7
684,12.466,54.02,48.202
685,22.95,47.116,37.846
686,41.682,8.822,3.196
687,2.877,43.088,57.025
688,101.647,60.349,55.298
689,65.207,35.928,50.376
690,26.467,20.393,36.439
691,43.855,41.554,46.029
692,29.407,30.814,43.791
693,6.009,30.686,39.188
694,29.216,27.681,38.293
695,24.932,103.757,84.003
696,12.658,15.663,52.55
697,38.038,25.635,22.183
698,26.211,39.892,57.536
699,11.699,32.156,63.162
700,60.157,4.347,21.8
701,38.485,44.111,41.554
702,35.864,36.376,35.8
703,40.467,57.856,115.072
704,8.439,45.581,25.699
705,13.169,37.271,2.877
706,70.961,50.76,47.18
707,22.695,12.402,6.968
708,31.261,37.271,9.781
709,20.265,45.709,11.635
710,3.005,25.188,78.313
711,20.393,4.795,65.655
712,27.17,43.983,44.431
713,24.996,39.508,44.239
714,26.211,42.257,37.718
715,57.472,40.147,76.075
716,31.261,4.539,1.79
717,3.005,62.842,73.071
718,2.685,39.252,40.147
719,10.868,30.558,23.718
720,20.393,34.905,68.787
721,32.923,57.92,73.71
722,29.088,33.627,39.828
723,24.804,8.311,79.016
724,32.412,7.352,85.856
725,10.101,35.225,52.55
726,20.138,14.895,50.312
727,20.074,19.882,28.129
728,4.411,60.796,65.144
729,35.736,63.098,33.627
730,17.644,28.832,50.823
731,27.425,37.526,49.417
732,1.151,51.271,37.143
733,47.371,41.234,59.134
734,30.686,17.9,49.353
735,38.805,41.682,93.4
736,1.598,58.495,59.326
737,3.388,27.681,51.527
738,12.21,23.909,32.668
739,3.9,83.811,33.435
740,28.257,36.312,11.571
741,11.443,53.253,33.307
742,33.051,47.563,6.393
743,23.462,12.978,43.28
744,44.878,9.589,10.165
745,18.475,16.749,34.777
746,25.572,50.12,31.453
747,31.709,61.691,38.933
748,26.019,62.267,13.873
749,0.959,61.947,59.837
750,9.909,60.157,7.224
751,27.106,54.212,1.918
752,23.654,5.05,50.887
753,7.352,2.749,79.847
754,17.005,3.708,43.408
755,36.567,4.986,69.491
756,4.411,71.984,43.28
757,25.955,5.69,50.696
758,29.919,21.992,70.194
759,26.147,67.701,39.828
760,18.028,50.312,1.854
761,21.672,60.669,35.864
762,30.558,42.385,36.12
763,22.631,45.965,34.394
764,42.577,44.111,14.576
765,33.563,13.553,1.662
766,5.945,5.242,83.299
767,25.38,18.475,36.823
768,52.358,118.588,57.344
769,26.275,36.631,32.476
770,26.722,51.335,58.559
771,23.782,49.865,39.061
772,22.119,38.229,64.376
773,20.521,23.398,36.184
774,2.238,20.01,33.499
775,31.645,31.837,56.321
776,20.521,59.006,29.024
777,28.576,50.12,37.846
778,36.376,44.558,22.311
779,26.53,35.544,4.795
780,31.964,38.805,14.256
781,21.224,13.873,1.726
782,19.69,15.215,32.604
783,23.334,29.599,65.847
784,66.678,39.764,23.909
785,4.603,56.513,33.627
786,36.823,48.202,1.406
787,38.038,30.942,3.708
788,18.092,37.398,2.749
789,110.277,16.366,51.335
790,19.307,5.05,13.617
791,29.279,53.125,15.087
792,31.709,4.795,51.207
793,8.63,25.635,49.609
794,12.53,46.732,65.911
795,23.078,44.686,16.238
796,29.088,43.663,22.759
797,20.841,59.326,4.667
798,12.402,49.737,66.55
799,27.362,60.349,48.33
800,77.546,56.961,43.472
801,69.363,5.37,80.295
802,24.932,64.632,20.457
803,69.874,47.499,75.82
804,20.074,51.655,69.043
805,34.394,28.576,58.047
806,21.672,45.262,69.874
807,51.527,28.129,53.828
808,36.503,38.805,48.842
809,25.827,59.965,53.508
810,16.622,50.12,18.028
811,9.398,9.973,6.009
812,4.028,19.882,67.956
813,27.425,70.641,20.457
814,14.384,49.353,4.155
815,73.582,38.421,3.516
816,17.772,24.74,6.968
817,6.009,3.196,55.682
818,35.097,52.869,70.514
819,42.449,26.211,42.96
820,30.047,58.942,74.094
821,5.69,39.508,8.566
822,31.453,3.9,49.801
823,5.498,41.042,49.673
824,16.558,70.961,75.372
825,24.357,15.79,39.764
826,18.603,41.809,32.54
827,30.302,32.412,47.052
828,29.983,32.732,52.486
829,33.563,45.773,80.806
830,18.667,66.422,52.038
831,21.736,35.033,29.599
832,29.088,6.457,9.142
833,26.211,73.135,74.541
834,11.507,48.842,32.22
835,21.097,48.778,66.614
836,36.056,82.66,58.367
837,21.097,68.148,57.28
838,38.997,27.617,44.303
839,46.668,51.399,73.518
840,20.01,13.809,4.859
841,39.061,45.39,40.659
842,32.348,36.439,31.069
843,27.681,37.079,15.087
844,39.444,31.006,68.34
845,29.855,46.348,74.477
846,38.166,2.238,35.608
847,49.481,33.946,34.138
848,25.572,38.613,20.905
849,34.074,30.878,63.034
850,32.987,2.365,48.266
851,43.28,42.641,62.139
852,49.928,61.244,34.266
853,36.695,22.759,46.732
854,3.388,52.422,45.837
855,17.453,42.577,33.371
856,19.946,2.941,38.741
857,32.923,62.139,4.219
858,21.224,4.219,67.509
859,39.636,26.403,18.667
860,23.398,45.262,16.43
861,28.257,46.285,76.587
862,39.7,57.536,30.174
863,15.215,51.143,24.485
864,28.512,81.445,43.472
865,47.499,20.777,57.472
866,42.577,58.303,33.179
867,82.596,53.189,61.5
868,30.494,42.321,51.91
869,28.32,61.18,74.861
870,22.311,1.598,2.813
871,33.115,12.53,4.347
872,27.809,7.416,9.589
873,28.065,55.298,51.846
874,23.206,28.129,19.754
875,35.864,27.745,31.837
876,30.494,64.057,52.741
877,36.376,47.116,40.978
878,13.681,73.326,29.535
879,18.348,39.892,19.882
880,43.727,42.577,55.107
881,18.284,50.248,57.216
882,7.096,41.937,48.906
883,20.841,4.155,21.352
884,34.841,32.412,59.965
885,41.298,40.914,39.636
886,6.776,67.765,17.389
887,6.393,20.393,28.448
888,32.156,50.376,65.271
889,45.645,48.394,29.024
890,16.877,55.81,39.252
891,41.17,47.052,77.29
892,37.398,42.704,42.129
893,26.53,27.553,18.028
894,7.352,37.718,47.947
895,23.654,57.792,37.398
896,33.115,24.996,6.776
897,7.224,40.723,25.891
898,28.576,45.709,19.434
899,40.595,47.691,38.102
900,3.964,35.417,41.106
901,23.782,63.481,53.636
902,52.613,3.388,17.836
903,105.291,34.649,29.407
904,13.041,47.371,65.591
905,36.823,39.636,33.371
906,14.128,8.119,22.375
907,41.234,41.809,19.818
908,44.686,43.344,36.056
909,23.334,39.188,45.709
910,28.193,69.682,6.393
911,20.905,42.193,47.883
912,32.028,39.188,47.947
913,50.184,61.244,16.366
914,42.96,48.011,52.997
915,34.905,4.028,16.813
916,5.37,35.928,43.919
917,36.184,25.124,28.512
918,10.101,38.613,10.356
919,34.266,35.736,35.289
920,34.074,22.311,57.152
921,4.859,31.517,2.046
922,17.9,32.348,41.234
923,47.947,4.028,7.991
924,23.526,38.933,58.687
925,35.353,18.028,37.59
926,49.609,49.225,53.7
927,31.006,77.034,4.219
928,27.298,74.989,12.402
929,22.055,4.155,62.075
930,16.366,33.371,53.381
931,29.791,40.978,19.562
932,32.476,40.083,52.166
933,33.882,42.896,30.047
934,58.751,14.448,21.097
935,1.406,48.011,51.591
936,8.503,24.613,39.188
937,29.088,2.174,29.216
938,17.261,66.678,42.129
939,44.239,79.016,37.207
940,17.517,10.42,21.352
941,16.494,38.677,20.202
942,59.454,46.54,43.28
943,23.078,41.49,2.11
944,27.17,46.029,33.435
945,28.257,4.155,45.07
946,39.444,66.486,13.105
947,23.142,34.458,12.146
948,14.895,46.668,48.97
949,5.562,2.557,38.805
950,29.471,40.787,50.504
951,21.928,54.084,33.051
952,33.946,22.695,36.759
953,41.873,49.481,44.431
954,19.115,35.608,8.886
955,29.216,34.905,78.696
956,26.978,13.745,27.937
957,46.796,35.289,22.567
958,37.846,62.586,58.942
959,1.854,50.44,37.334
960,37.079,44.047,10.293
961,21.224,53.381,28.768
962,34.01,38.741,39.124
963,41.682,1.726,15.599
964,33.563,37.654,46.668
965,5.626,3.005,45.134
966,13.105,51.015,54.659
967,28.512,66.294,22.695
968,0.767,2.621,59.454
969,40.211,40.787,48.33
970,32.923,38.421,28.065
971,34.202,40.914,57.92
972,39.444,21.48,31.581
973,40.531,62.203,40.978
974,16.622,23.462,48.33
975,24.229,71.984,33.307
976,26.403,32.732,0.767
977,28.257,29.024,42.832
978,23.973,37.59,33.691
979,20.393,34.777,42.193
980,26.722,46.924,55.235
981,39.572,13.553,10.676
982,26.083,48.906,65.08
983,21.288,51.846,72.495
984,27.17,3.133,40.978
985,22.247,46.988,20.074
986,22.247,36.439,32.348
987,6.904,27.489,38.038
988,67.573,27.17,3.708
989,25.827,2.493,2.685
990,31.837,31.325,35.608
991,30.302,2.238,27.937
992,28.065,13.425,1.023
993,12.978,32.156,37.462
994,74.797,58.495,36.823
995,0.959,28.257,54.403
996,38.357,24.804,40.339
997,24.037,25.635,47.116
998,53.764,50.12,39.828
999,24.485,21.544,23.59
1000,25.635,27.042,13.425
1001,26.083,42.641,37.718
1002,16.941,16.685,35.481
1003,77.418,41.234,49.928
1004,34.202,54.403,0.767
1005,42.704,23.398,30.75
1006,46.732,28.129,48.394
1007,24.74,4.283,25.699
1008,16.366,35.672,42.129
1009,13.809,29.983,3.964
1010,28.96,30.238,42.832
1011,19.307,65.335,13.169
1012,29.919,0.959,32.604
1013,19.882,27.553,1.406
1014,10.676,13.809,57.92
1015,26.722,73.774,35.353
1016,23.59,32.028,40.978
1017,32.348,37.654,8.311
1018,37.079,1.279,58.942
1019,1.662,22.631,61.627
1020,21.544,49.481,32.923
1021,14.576,4.731,52.294
1022,28.448,39.764,20.329
1023,25.955,32.923,2.813
1024,38.293,35.736,52.422
1025,35.289,19.37,59.134
1026,29.535,23.718,7.544
1027,56.961,37.398,12.786
1028,38.997,58.751,58.367
1029,30.366,24.868,1.087
1030,25.508,36.12,51.782
1031,7.799,25.572,55.874
1032,32.156,36.503,59.71
1033,23.782,31.837,23.782
1034,47.435,53.445,44.175
1035,37.398,4.347,56.385
1036,2.429,37.91,2.749
1037,52.23,56.13,38.293
1038,35.481,30.814,25.252
1039,30.43,55.043,3.772
1040,29.279,34.522,7.544
1041,3.452,1.47,5.562
1042,29.535,26.658,84.578
1043,12.978,22.311,2.813
1044,25.955,78.377,43.472
1045,28.96,20.777,25.635
1046,27.425,35.928,57.728
1047,35.928,27.298,72.559
1048,3.58,29.407,42.065
1049,24.74,42.257,62.778
1050,32.028,37.143,2.941
1051,33.307,28.64,2.621
1052,35.097,29.152,62.522
1053,25.827,27.106,3.836
1054,34.138,30.622,15.407
1055,30.238,31.709,34.202
1056,14.0,33.499,36.567
1057,54.979,34.969,8.886
1058,65.975,24.357,26.53
1059,22.311,16.494,86.432
1060,53.572,34.586,40.595
1061,27.425,48.075,28.129
1062,28.32,27.873,38.869
1063,28.768,66.358,68.724
1064,18.987,23.973,42.193
1065,17.325,44.558,3.708
1066,27.809,4.155,9.142
1067,33.691,33.754,31.261
1068,23.142,43.6,47.18
1069,22.119,49.481,1.662
1070,32.092,75.18,42.321
1071,6.265,34.266,3.644
1072,0.767,31.069,12.658
1073,27.553,31.581,7.735
1074,42.001,47.499,0.767
1075,18.22,47.755,58.751
1076,16.494,22.95,36.439
1077,31.964,35.8,35.608
1078,38.421,34.522,8.694
1079,23.27,28.448,64.632
1080,27.873,0.959,2.046
1081,23.462,33.754,46.348
1082,36.695,13.553,44.367
1083,21.8,26.594,69.746
1084,0.767,28.257,33.818
1085,68.532,69.235,35.417
1086,22.119,29.535,17.58
1087,21.864,36.567,32.22
1088,33.627,9.461,56.577
1089,53.956,24.229,37.334
1090,16.43,42.193,78.185
1091,20.01,41.746,56.577
1092,25.635,25.955,5.945
1093,30.686,27.617,48.906
1094,28.576,33.691,6.713
1095,2.046,67.701,37.398
1096,23.973,31.197,41.426
1097,57.216,27.362,39.444
1098,52.038,15.023,0.959
1099,14.192,35.033,13.745
1100,16.11,15.79,29.343
1101,38.229,44.622,46.093
1102,37.526,26.147,24.485
1103,59.965,45.581,22.055
1104,23.334,4.283,57.6
1105,22.119,38.741,42.321
1106,24.804,13.553,49.417
1107,23.398,40.595,36.503
1108,42.449,17.069,25.955
1109,42.768,40.019,2.813
1110,40.531,16.11,41.937
1111,37.654,29.791,71.025
1112,26.403,36.376,45.581
1113,24.421,35.353,11.251
1114,37.782,33.563,41.554
1115,22.631,63.098,2.493
1116,30.047,31.069,7.352
1117,35.864,38.869,56.066
1118,40.723,64.952,19.882
1119,32.412,36.056,2.493
1120,25.06,42.704,57.856
1121,29.152,26.658,27.489
1122,16.622,36.503,11.124
1123,24.485,36.759,24.229
1124,18.284,18.412,44.047
1125,33.243,57.792,13.233
1126,24.996,95.062,59.006
1127,21.736,39.7,6.393
1128,27.489,37.271,54.787
1129,37.334,29.279,11.827
1130,20.777,55.554,24.229
1131,17.772,42.96,18.923
1132,87.519,34.394,2.046
1133,20.905,44.942,56.449
1134,35.481,47.371,61.052
1135,50.056,45.326,47.499
1136,1.023,42.896,51.591
1137,7.48,32.22,62.075
1138,18.795,25.06,16.685
1139,29.791,18.475,0.959
1140,2.301,50.504,41.873
1141,41.554,16.622,51.079
1142,29.343,48.714,25.572
1143,13.809,43.791,84.898
1144,14.768,17.964,2.301
1145,30.111,61.308,29.024
1146,36.312,32.987,17.389
1147,24.165,29.855,39.828
1148,7.735,35.417,30.047
1149,48.522,10.676,78.569
1150,24.613,32.796,57.6
1151,24.549,51.782,42.129
1152,20.969,42.001,61.052
1153,51.335,4.219,71.856
1154,1.406,38.229,43.472
1155,8.822,25.572,47.883
1156,41.554,2.046,43.024
1157,12.914,2.046,5.69
1158,72.751,29.343,2.621
1159,42.321,35.608,44.175
1160,15.407,17.708,32.987
1161,23.014,28.96,48.586
1162,17.197,61.819,29.152
1163,37.334,28.512,43.152
1164,86.751,29.024,47.563
1165,9.653,35.033,42.193
1166,33.499,24.868,7.608
1167,20.649,35.097,80.934
1168,63.481,53.253,42.001
1169,36.184,35.161,39.572
1170,34.905,37.782,97.747
1171,32.476,53.7,43.216
1172,5.754,42.129,2.877
1173,68.404,7.032,36.248
1174,74.669,41.682,2.621
1175,35.225,52.869,1.726
1176,35.8,30.558,24.613
1177,15.982,29.471,11.635
1178,13.936,44.111,22.823
1179,28.193,23.334,48.842
1180,4.155,36.951,45.645
1181,21.033,21.8,45.645
1182,57.856,43.024,75.692
1183,5.562,31.133,48.394
1184,28.384,15.471,3.388
1185,28.896,35.289,5.242
1186,60.605,43.472,70.577
1187,24.101,30.686,28.448
1188,26.211,29.216,1.151
1189,28.512,19.562,6.585
1190,26.211,34.202,51.527
1191,64.888,35.928,82.852
1192,31.773,28.065,54.148
1193,44.303,1.726,12.786
1194,23.014,21.033,7.288
1195,33.179,50.951,15.023
1196,102.222,14.768,38.549
1197,21.8,31.517,6.329
1198,34.713,29.983,62.65
1199,17.772,34.138,2.493
1200,26.019,32.54,38.038
1201,71.728,19.37,51.463
1202,30.174,29.407,45.581
1203,56.066,37.207,56.833
1204,18.795,50.823,77.674
1205,21.288,35.992,4.475
1206,31.069,31.837,58.559
1207,24.996,24.485,55.298
1208,18.539,1.79,47.499
1209,25.827,69.491,1.534
1210,16.877,26.467,3.005
1211,26.53,3.772,69.491
1212,15.663,20.265,6.265
1213,43.344,43.6,32.987
1214,27.681,35.672,4.539
1215,31.645,21.672,29.599
1216,12.914,23.909,24.037
1217,28.065,34.266,32.796
1218,25.827,37.462,33.371
1219,19.69,27.042,50.504
1220,26.083,35.033,47.627
1221,1.023,55.107,48.138
1222,1.406,3.516,3.772
1223,16.238,22.503,67.509
1224,15.407,20.457,34.33
1225,20.138,24.932,70.705
1226,29.343,40.787,1.215
1227,46.796,23.526,36.376
1228,10.165,67.381,36.759
1229,33.882,3.644,27.553
1230,11.188,3.708,33.563
1231,44.111,5.178,0.767
1232,21.033,55.938,26.978
1233,33.946,33.754,18.539
1234,5.05,21.288,27.042
1235,21.48,62.331,49.481
1236,53.445,48.266,53.828
1237,20.265,28.32,41.106
1238,42.129,47.307,50.76
1239,35.608,27.425,66.742
1240,37.91,26.786,46.604
1241,20.393,27.425,6.009
1242,40.147,29.216,3.836
1243,19.179,22.567,20.457
1244,20.202,37.271,69.874
1245,2.301,25.827,9.142
1246,3.133,20.969,5.881
1247,24.996,78.824,36.12
1248,9.909,63.098,61.372
1249,23.078,56.769,35.097
1250,36.184,58.239,33.627
1251,81.893,40.787,30.111
1252,28.065,55.682,5.818
1253,28.065,5.114,34.458
1254,18.667,16.174,11.315
1255,22.311,58.687,5.945
1256,19.882,53.572,12.53
1257,43.088,45.326,19.115
1258,46.476,5.178,7.16
1259,28.512,26.594,1.151
1260,28.96,64.057,39.764
1261,1.406,13.936,9.142
1262,48.97,33.946,2.877
1263,43.28,37.079,58.623
1264,18.859,52.486,12.466
1265,67.445,65.783,3.388
1266,45.262,81.445,29.663
1267,40.019,68.084,46.924
1268,52.55,13.425,48.778
1269,30.75,43.024,74.925
1270,31.133,5.434,36.759
1271,39.252,31.389,4.028
1272,41.746,37.398,25.827
1273,35.864,46.924,36.376
1274,2.238,31.197,43.28
1275,1.918,44.75,89.948
1276,59.006,45.901,19.37
1277,47.052,26.467,46.029
1278,41.618,64.76,73.71
1279,4.475,77.482,11.891
1280,8.311,24.293,59.582
1281,27.809,60.093,2.685
1282,53.508,48.138,39.316
1283,49.992,43.6,74.861
1284,24.868,34.586,27.362
1285,39.764,53.445,32.859
1286,61.564,33.307,33.563
1287,31.773,38.038,62.203
1288,32.092,35.672,27.681
1289,39.38,38.549,34.522
1290,30.622,29.855,48.394
1291,43.919,50.823,42.065
1292,55.618,38.613,3.964
1293,2.174,37.207,53.445
1294,6.329,52.55,57.472
1295,43.216,6.968,74.733
1296,4.539,56.769,60.157
1297,23.014,20.457,26.786
1298,49.225,48.075,9.973
1299,7.927,43.663,65.655
1300,17.453,43.855,39.764
1301,37.143,53.445,29.663
1302,39.188,22.119,4.091
1303,32.028,48.202,12.146
1304,31.133,46.348,59.837
1305,14.576,5.498,16.558
1306,7.352,60.029,60.669
1307,33.946,33.627,71.792
1308,4.603,28.512,10.612
1309,28.257,39.892,34.394
1310,67.381,50.951,26.594
1311,36.439,45.581,68.212
1312,57.6,53.572,50.568
1313,28.832,33.754,3.388
1314,49.097,31.645,34.138
1315,23.654,37.079,35.928
1316,8.758,43.855,40.659
1317,65.911,14.832,43.472
1318,51.079,70.45,57.408
1319,2.174,14.256,0.895
1320,39.508,65.975,54.531
1321,28.64,48.075,22.823
1322,8.247,18.923,61.308
1323,33.307,40.339,38.357
1324,58.175,38.293,32.859
1325,5.945,35.161,1.47
1326,3.708,40.403,18.028
1327,7.863,5.178,4.347
1328,26.339,49.609,34.522
1329,22.95,12.019,14.832
1330,66.166,43.727,72.943
1331,35.481,24.037,65.016
1332,6.585,8.119,13.745
1333,77.29,0.895,34.586
1334,30.366,56.641,0.767
1335,45.645,45.709,1.79
1336,2.238,52.294,56.705
1337,26.275,34.458,36.376
1338,29.088,30.047,34.969
1339,29.216,17.261,49.097
1340,60.477,37.334,45.517
1341,38.293,35.608,46.029
1342,22.119,45.901,16.877
1343,83.299,57.664,16.046
1344,53.764,3.005,49.225
1345,24.549,65.847,0.767
1346,4.411,47.947,41.682
1347,39.188,58.879,32.668
1348,53.572,30.75,38.805
1349,48.906,36.056,26.019
1350,49.161,58.623,53.956
1351,44.878,37.207,43.919
1352,1.534,31.709,37.398
1353,14.32,45.581,51.91
1354,37.015,63.737,11.188
1355,40.467,51.015,33.882
1356,143.456,3.069,24.037
1357,41.937,1.343,51.974
1358,2.429,39.828,41.17
1359,74.669,15.599,59.326
1360,5.37,54.787,0.767
1361,57.152,49.481,65.527
1362,45.198,26.467,60.285
1363,27.745,51.846,16.366
1364,14.0,33.563,11.891
1365,37.846,5.69,21.097
1366,61.116,30.366,49.161
1367,1.662,53.892,28.32
1368,48.906,65.591,49.289
1369,44.047,40.531,81.765
1370,34.586,1.215,49.737
1371,13.809,42.768,23.845
1372,71.281,4.667,1.343
1373,19.754,62.65,37.398
1374,26.083,1.406,16.558
1375,3.133,45.262,17.964
1376,58.815,54.915,44.495
1377,45.901,30.75,49.673
1378,3.26,32.092,39.508
1379,22.823,3.58,47.691
1380,38.869,64.568,28.832
1381,40.787,1.406,50.312
1382,4.219,48.714,22.95
1383,2.749,32.092,60.413
1384,28.96,1.598,61.116
1385,38.485,52.997,32.668
1386,61.308,51.015,51.015
1387,53.317,40.339,1.918
1388,13.105,40.531,30.494
1389,6.521,44.942,16.749
1390,42.257,63.354,45.901
1391,35.672,7.288,39.892
1392,14.0,49.161,41.746
1393,23.142,62.586,25.955
1394,7.799,40.019,44.495
1395,9.653,35.736,7.224
1396,1.47,60.093,50.44
1397,0.767,1.982,35.481
1398,50.632,25.572,2.557
1399,6.649,33.627,27.298
1400,133.867,45.709,39.061
1401,14.128,46.796,55.235
1402,48.202,32.284,14.256
1403,39.188,63.545,32.156
1404,33.435,53.7,42.321
1405,2.365,27.17,43.919
1406,90.012,83.683,39.061
1407,16.685,43.6,32.092
1408,25.635,35.992,53.892
1409,6.073,43.727,17.325
1410,61.18,68.596,28.704
1411,28.065,49.737,28.96
1412,37.974,43.536,18.348
1413,34.905,14.895,39.124
1414,53.253,40.147,48.33
1415,28.129,48.394,47.307
1416,7.544,66.614,24.932
1417,53.7,2.174,9.653
1418,1.215,67.317,29.535
1419,22.375,30.366,40.339
1420,1.47,33.499,40.659
1421,20.202,39.572,32.923
1422,2.301,77.098,49.353
1423,50.696,40.275,57.152
1424,33.051,8.375,62.906
1425,71.6,36.887,51.718
1426,39.124,63.481,26.594
1427,17.58,25.891,40.083
1428,3.069,70.45,19.051
1429,19.243,100.496,21.672
1430,5.498,72.495,61.564
1431,24.74,52.294,38.549
1432,44.622,11.891,62.778
1433,82.916,56.769,1.662
1434,3.516,53.189,34.394
1435,28.576,67.637,40.275
1436,51.91,37.718,32.476
1437,1.726,49.161,5.242
1438,58.815,45.453,53.253
1439,1.023,14.192,35.736
1440,13.233,64.952,33.051
1441,49.161,37.782,41.873
1442,71.409,52.613,43.791
1443,23.462,5.818,46.476
1444,25.763,58.111,2.046
1445,1.534,56.961,34.138
1446,3.58,39.38,42.832
1447,4.603,47.947,58.495
1448,56.002,5.434,29.152
1449,5.818,60.157,44.558
1450,68.724,40.978,61.5
1451,1.215,27.106,32.156
1452,30.558,77.482,29.088
1453,21.416,72.176,41.362
1454,26.019,11.763,37.334
1455,70.258,64.696,27.362
1456,28.129,6.393,26.019
1457,3.005,1.662,32.476
1458,22.247,2.429,53.253
1459,2.11,3.964,28.193
1460,40.723,62.65,14.128
1461,67.892,55.618,30.174
1462,22.567,45.645,61.052
1463,35.353,42.193,24.357
1464,24.293,39.828,35.992
1465,24.74,35.672,49.992
1466,37.207,34.713,37.015
1467,32.22,26.019,60.988
1468,17.389,32.412,34.713
1469,122.552,74.285,39.956
1470,4.986,33.499,50.951
1471,39.316,17.9,2.301
1472,29.088,40.659,20.265
1473,41.937,39.828,10.612
1474,22.311,1.406,20.138
1475,46.54,34.777,41.17
1476,65.783,39.572,36.567
1477,20.01,46.476,42.704
1478,29.407,6.585,15.343
1479,12.722,38.549,46.54
1480,104.971,32.668,47.499
1481,44.431,41.618,5.37
1482,12.083,22.247,49.673
1483,33.627,19.051,21.48
1484,3.133,20.585,37.654
1485,36.503,39.828,9.27
1486,48.714,2.429,43.6
1487,80.167,2.621,23.718
1488,48.33,50.312,15.663
1489,21.416,70.769,40.467
1490,37.079,61.5,30.302
1491,3.708,59.006,37.015
1492,8.503,48.266,4.731
1493,4.219,29.855,3.964
1494,13.297,29.471,37.462
1495,4.539,33.435,28.129
1496,30.366,73.454,28.512
1497,1.151,34.713,42.129
1498,9.014,56.385,37.462
1499,29.855,62.97,50.823
1500,3.26,27.042,1.726
1501,33.051,9.845,30.238
1502,33.563,35.672,56.066
1503,26.275,24.677,19.562
1504,94.359,35.928,40.275
1505,34.905,68.724,48.906
1506,32.923,31.389,52.486
1507,61.819,70.13,14.895
1508,6.393,21.288,45.07
1509,29.152,35.033,29.855
1510,45.837,15.407,43.28
1511,4.603,58.303,89.948
1512,45.326,36.951,19.37
1513,4.539,57.472,46.029
1514,44.111,29.855,73.71
1515,22.95,57.344,11.891
1516,15.023,13.361,59.582
1517,15.599,20.138,2.685
1518,17.58,14.768,39.316
1519,31.389,38.166,74.861
1520,26.147,59.454,27.362
1521,17.389,63.034,32.859
1522,1.023,24.357,33.563
1523,12.786,25.955,62.203
1524,10.676,33.371,27.681
1525,45.837,43.088,34.522
1526,66.87,13.553,48.394
1527,36.312,22.631,42.065
1528,29.216,37.271,3.964
1529,41.042,10.676,53.445
1530,4.986,47.116,57.472
1531,52.997,12.722,74.733
1532,19.243,30.814,60.157
1533,65.463,66.997,26.786
1534,4.028,42.641,9.973
1535,0.959,39.956,65.655
1536,49.161,11.635,39.764
1537,45.07,39.061,29.663
1538,3.388,47.371,4.091
1539,35.672,31.453,12.146
1540,4.667,32.412,59.837
1541,55.107,47.691,16.558
1542,7.416,54.34,60.669
1543,15.087,10.293,71.792
1544,50.568,14.384,10.612
1545,43.28,64.824,34.394
1546,52.55,14.256,26.594
1547,25.763,33.499,68.212
1548,73.326,21.864,50.568
1549,43.919,60.221,3.388
1550,44.878,42.385,34.138
1551,23.142,5.818,35.928
1552,20.649,64.312,40.659
1553,52.997,38.805,43.472
1554,65.08,0.767,57.408
1555,63.417,1.151,0.895
1556,20.649,7.288,54.531
1557,22.183,41.746,22.823
1558,20.777,31.773,61.308
1559,42.577,54.467,38.357
1560,32.092,63.801,32.859
1561,12.594,8.247,1.47
1562,67.892,12.466,18.028
1563,48.65,39.764,4.347
1564,54.723,69.043,34.522
1565,69.491,35.8,14.832
1566,47.307,2.813,72.943
1567,14.128,70.322,65.016
1568,32.54,32.412,13.745
1569,3.836,44.558,34.586
1570,52.997,40.723,0.767
1571,23.334,36.887,1.79
1572,45.901,71.217,56.705
1573,45.517,2.046,36.376
1574,48.394,29.279,34.969
1575,71.025,55.362,49.097
1576,34.841,20.457,45.517
1577,46.86,28.768,46.029
1578,29.471,47.052,16.877
1579,59.326,37.207,16.046
1580,4.028,10.868,49.225
1581,95.062,64.185,0.767
1582,8.439,20.074,41.682
1583,35.864,27.425,32.668
1584,44.622,13.361,38.805
1585,58.047,46.157,26.019
1586,33.499,19.562,53.956
1587,2.174,30.558,43.919
1588,33.179,54.212,37.398
1589,40.659,30.111,51.91
1590,36.439,18.092,11.188
1591,34.905,30.111,33.882
1592,43.152,42.129,24.037
1593,29.471,34.01,51.974
1594,3.58,47.052,41.17
1595,32.732,24.549,59.326
1596,1.726,38.357,0.767
1597,3.964,39.38,65.527
1598,3.133,31.069,60.285
1599,78.121,28.257,16.366
1600,46.157,24.101,11.891
1601,25.699,39.061,21.097
1602,2.877,67.573,49.161
1603,49.673,30.75,28.32
1604,30.238,53.828,49.289
1605,60.796,28.512,81.765
1606,28.001,7.48,49.737
1607,35.097,2.365,23.845
1608,14.704,36.823,1.343
1609,43.152,50.951,37.398
1610,43.408,28.32,16.558
1611,41.873,19.243,17.964
1612,2.493,39.956,44.495
1613,51.079,53.572,49.673
1614,51.974,19.37,39.508
1615,27.681,47.947,47.691
1616,1.023,52.486,28.832
1617,46.093,9.653,50.312
1618,75.82,29.663,22.95
1619,56.002,41.873,60.413
1620,59.646,52.997,61.116
1621,32.859,57.472,32.668
1622,16.11,26.722,51.015
1623,44.558,46.412,1.918
1624,57.728,48.33,30.494
1625,55.426,65.975,16.749
1626,76.203,58.559,45.901
1627,29.727,42.896,39.892
1628,86.048,36.951,41.746
1629,39.956,43.216,25.955
1630,40.403,11.763,44.495
1631,1.662,74.989,7.224
1632,29.471,3.772,50.44
1633,40.978,37.718,35.481
1634,2.301,59.71,2.557
1635,50.056,59.07,27.298
1636,44.558,41.746,39.061
1637,38.741,14.959,55.235
1638,42.065,41.234,14.256
1639,51.846,49.928,32.156
1640,17.005,38.293,42.321
1641,2.301,36.184,43.919
1642,28.576,20.649,39.061
1643,56.066,41.746,32.092
1644,37.974,47.052,53.892
1645,59.582,40.339,17.325
1646,6.073,40.531,28.704
1647,37.846,46.348,28.96
1648,59.262,46.093,18.348
1649,15.535,38.741,39.124
1650,2.365,28.704,48.33
1651,69.938,17.964,47.307
1652,11.571,57.344,24.932
1653,44.111,43.344,9.653
1654,78.057,4.091,29.535
1655,54.915,44.495,40.339
1656,23.526,34.522,40.659
1657,7.224,3.069,32.923
1658,88.286,26.85,49.353
1659,45.901,23.909,57.152
1660,53.445,41.937,62.906
1661,25.763,22.823,51.718
1662,106.058,58.111,26.594
1663,8.566,78.505,40.083
1664,16.813,3.644,19.051
1665,23.142,24.932,21.672
1666,30.174,53.189,61.564
1667,29.216,26.722,38.549
1668,42.513,1.023,62.778
1669,55.49,40.083,1.662
1670,39.38,41.298,34.394
1671,2.877,3.452,40.275
1672,45.262,38.805,32.476
1673,52.102,59.965,5.242
1674,2.301,31.389,53.253
1675,28.384,66.166,35.736
1676,42.896,3.772,33.051
1677,5.37,14.959,41.873
1678,2.11,53.189,43.791
1679,48.906,60.924,46.476
1680,16.11,36.823,2.046
1681,56.385,44.111,34.138
1682,0.767,33.307,42.832
1683,22.695,42.193,58.495
1684,6.329,36.823,29.152
1685,70.577,61.883,44.558
1686,4.731,55.171,61.5
1687,53.445,19.115,32.156
1688,62.65,54.531,29.088
1689,3.9,42.385,41.362
1690,44.942,25.891,37.334
1691,40.978,35.033,27.362
1692,18.539,7.48,26.019
1693,41.17,31.069,32.476
1694,35.097,29.407,53.253
1695,5.242,49.865,28.193
1696,40.275,68.212,14.128
1697,43.408,52.358,30.174
1698,79.144,66.742,61.052
1699,4.795,39.7,24.357
1700,23.973,71.984,35.992
1701,42.001,34.138,49.992
1702,58.623,1.726,37.015
1703,42.257,49.928,60.988
1704,45.39,42.065,34.713
1705,35.161,52.997,39.956
1706,1.918,21.672,50.951
1707,28.129,55.682,2.301
1708,50.568,39.252,20.265
1709,47.243,47.243,10.612
1710,28.512,9.717,20.138
1711,41.298,6.457,41.17
1712,49.289,4.859,36.567
1713,15.151,11.635,42.704
1714,58.687,61.18,15.343
1715,50.504,35.225,46.54
1716,31.261,2.557,47.499
1717,46.348,24.549,5.37
1718,41.106,39.124,49.673
1719,93.656,60.093,21.48
1720,15.79,64.824,37.654
1721,34.33,42.768,9.27
1722,52.741,57.152,43.6
1723,1.79,6.265,23.718
1724,51.015,60.541,15.663
1725,19.434,47.18,40.467
1726,44.622,24.549,30.302
1727,4.028,21.224,37.015
1728,27.489,29.024,4.731
1729,24.677,33.371,3.964
1730,18.667,54.02,37.462
1731,34.841,38.038,28.129
1732,53.253,42.513,28.512
1733,32.987,59.454,42.129
1734,38.485,23.59,37.462
1735,48.714,9.781,50.823
1736,39.956,20.265,1.726
1737,32.284,30.686,30.238
1738,30.047,34.394,56.066
1739,23.718,6.968,19.562
1740,44.303,1.47,40.275
1741,26.658,27.425,48.906
1742,87.007,40.978,52.486
1743,44.942,32.987,14.895
1744,1.087,41.618,45.07
1745,50.887,41.682,29.855
1746,1.215,24.996,74.285
1747,30.111,31.069,47.947
1748,29.855,50.696,65.399
1749,30.494,25.188,44.111
1750,40.914,51.271,48.011
1751,10.101,13.425,70.13
1752,48.011,46.285,48.202
1753,60.029,37.526,61.244
1754,22.311,31.581,33.818
1755,40.083,34.586,4.475
1756,1.47,41.042,66.614
1757,21.608,39.572,43.855
1758,71.281,16.941,44.814
1759,2.877,29.216,42.449
1760,52.358,48.714,43.727
1761,51.143,40.147,2.557
1762,52.613,36.439,27.809
1763,34.841,13.809,36.056
1764,39.508,0.767,43.408
1765,52.23,54.467,50.696
1766,42.832,49.481,42.768
1767,30.174,2.749,6.585
1768,39.316,4.923,31.006
1769,47.691,56.577,7.799
1770,48.33,25.188,3.069
1771,52.55,34.266,34.905
1772,39.316,37.974,32.54
1773,22.055,65.847,57.536
1774,29.599,33.051,7.991
1775,40.019,43.855,43.727
1776,60.093,63.865,40.147
1777,28.448,47.691,1.598
1778,33.563,62.97,32.348
1779,53.381,22.567,18.603
1780,58.942,40.851,47.947
1781,45.39,25.316,16.174
1782,3.196,3.133,53.572
1783,48.394,69.427,10.548
1784,24.996,40.083,47.499
1785,46.732,4.475,39.7
1786,21.8,37.398,47.563
1787,19.115,39.572,51.207
1788,55.554,66.23,1.279
1789,36.823,27.745,3.452
1790,38.102,33.499,41.746
1791,60.924,47.819,38.102
1792,24.932,22.375,25.124
1793,50.823,58.942,39.38
1794,66.806,37.782,40.914
1795,29.343,0.959,35.864
1796,93.4,29.216,24.932
1797,78.824,66.934,0.767
1798,7.799,34.586,43.024
1799,31.325,27.17,3.388
1800,14.768,43.663,8.758
1801,3.133,16.685,72.24
1802,115.583,3.516,44.495
1803,23.845,6.329,47.116
1804,15.343,4.603,2.877
1805,50.887,49.737,47.18
1806,49.417,49.289,38.038
1807,25.316,65.399,42.641
1808,2.174,6.84,2.877
1809,49.545,39.508,54.723
1810,4.028,28.768,16.11
1811,49.928,41.618,50.568
1812,48.458,30.75,49.481
1813,115.647,75.244,17.005
1814,52.23,36.951,8.758
1815,46.604,36.248,14.256
1816,17.005,38.613,39.061
1817,40.723,60.669,60.285
1818,63.673,42.257,50.951
1819,43.791,42.385,43.472
1820,44.878,42.96,66.166
1821,44.431,27.042,68.468
1822,6.968,28.32,32.54
1823,32.54,35.225,55.107
1824,11.635,5.242,20.713
1825,30.174,33.882,8.439
1826,119.163,39.316,18.987
1827,50.696,59.39,57.344
1828,0.767,17.517,34.074
1829,2.877,20.713,5.881
1830,27.234,32.54,24.101
1831,48.138,7.416,17.453
1832,39.508,36.503,42.768
1833,20.841,35.161,2.941
1834,50.504,60.732,4.923
1835,42.832,28.384,46.604
1836,39.764,14.32,29.855
1837,37.782,39.828,1.406
1838,1.982,43.28,39.892
1839,3.26,9.078,10.548
1840,49.289,34.138,46.476
1841,29.535,14.832,33.435
1842,6.776,35.928,34.522
1843,55.938,40.914,1.982
1844,48.266,33.371,29.919
1845,55.81,16.174,62.906
1846,13.105,34.841,26.53
1847,46.86,56.066,36.503
1848,42.321,48.842,36.312
1849,63.993,37.015,27.17
1850,45.709,18.412,4.411
1851,73.326,10.868,52.038
1852,21.864,3.26,69.363
1853,57.408,26.147,28.896
1854,4.411,35.672,67.125
1855,29.088,19.115,13.553
1856,34.777,49.225,36.12
1857,2.238,41.682,42.385
1858,1.023,18.028,34.01
1859,53.636,37.271,65.783
1860,61.819,27.362,34.905
1861,12.146,49.992,44.175
1862,121.337,36.376,45.709
1863,31.517,42.577,4.219
1864,56.513,7.416,12.53
1865,129.712,46.924,28.704
1866,36.376,46.093,51.527
1867,34.266,60.221,32.668
1868,26.083,39.061,3.069
1869,63.673,51.974,30.558
1870,63.481,51.974,56.833
1871,29.343,48.458,28.065
1872,30.43,19.69,1.79
1873,17.517,57.728,31.261
1874,62.586,7.48,23.973
1875,15.279,67.317,41.873
1876,46.54,39.764,46.348
1877,50.056,6.84,15.79
1878,49.992,25.763,41.618
1879,40.019,10.484,6.521
1880,39.892,47.499,30.814
1881,23.206,54.276,37.654
1882,20.585,31.709,40.851
1883,17.197,21.736,3.26
1884,7.863,57.728,50.12
1885,69.874,29.535,68.596
1886,51.974,24.677,54.979
1887,1.662,20.585,33.563
1888,48.97,34.202,8.119
1889,61.5,36.503,8.758
1890,39.508,31.197,65.08
1891,2.557,59.646,0.767
1892,36.12,34.202,51.143
1893,2.749,10.101,53.253
1894,2.685,35.992,16.749
1895,43.855,1.215,62.011
1896,27.042,41.17,8.503
1897,3.708,48.65,73.582
1898,39.508,33.179,1.47
1899,42.257,32.987,37.782
1900,44.622,32.732,36.503
1901,23.078,36.184,76.075
1902,39.061,27.937,39.252
1903,57.025,49.289,6.521
1904,1.406,18.795,6.457
1905,59.646,43.919,39.061
1906,48.522,34.522,33.818
1907,47.307,49.609,66.742
1908,3.388,41.298,48.97
1909,3.196,0.767,26.339
1910,8.694,12.914,0.767
1911,39.316,37.59,14.064
1912,57.792,5.626,50.248
1913,35.033,58.047,13.297
1914,32.796,52.741,44.558
1915,1.406,14.959,46.476
1916,15.535,37.718,27.17
1917,53.125,50.12,5.05
1918,35.864,3.772,30.366
1919,62.395,7.352,39.188
1920,63.865,47.499,24.868
1921,3.772,56.321,36.184
1922,38.613,14.0,46.604
1923,21.097,24.996,6.776
1924,47.371,36.567,35.353
1925,6.776,9.909,0.767
1926,51.207,34.074,32.476
1927,3.26,20.01,44.75
1928,43.663,40.659,52.23
1929,33.243,40.659,33.051
1930,2.813,32.987,21.224
1931,21.416,44.878,5.37
1932,1.854,9.078,51.335
1933,48.202,11.379,11.251
1934,45.709,19.69,39.38
1935,65.847,44.047,2.877
1936,43.919,17.197,40.339
1937,11.315,20.649,62.075
1938,72.304,34.713,4.795
1939,58.751,29.727,26.467
1940,21.992,9.525,12.083
1941,48.266,7.863,43.152
1942,38.229,47.755,3.005
1943,51.463,26.722,3.069
1944,109.127,47.371,73.199
1945,52.294,56.002,49.609
1946,31.006,37.846,37.654
1947,47.307,46.54,0.959
1948,26.083,54.531,1.47
1949,35.672,21.544,61.947
1950,38.805,52.869,1.79
1951,6.904,28.576,9.525
1952,31.006,26.147,67.637
1953,1.79,29.279,42.449
1954,42.321,2.365,3.9
1955,42.257,66.294,65.527
1956,13.873,21.416,43.536
1957,68.851,46.668,30.111
1958,33.307,69.682,6.009
1959,1.151,17.836,38.997
1960,1.215,55.298,1.726
1961,0.767,4.859,4.923
1962,19.243,1.47,56.449
1963,45.006,3.644,48.586
1964,79.144,14.704,67.509
1965,58.623,37.398,69.874
1966,38.933,3.836,6.009
1967,30.111,55.554,4.539
1968,74.733,23.462,4.986
1969,27.298,42.704,31.453
1970,13.553,58.495,44.111
1971,14.768,30.238,35.353
1972,1.534,22.887,40.531
1973,62.267,3.388,26.147
1974,15.471,45.006,4.283
1975,30.174,37.526,3.964
1976,67.189,22.311,42.129
1977,6.393,27.106,40.851
1978,20.329,21.928,28.001
1979,21.416,31.197,31.389
1980,8.95,31.837,5.05
1981,1.023,43.216,31.006
1982,111.812,17.453,47.052
1983,80.87,24.932,30.75
1984,0.767,25.635,75.116
1985,29.343,1.726,3.26
1986,83.619,31.964,22.95
1987,1.343,29.663,2.877
1988,38.613,36.631,28.129
1989,31.964,26.019,1.47
1990,38.741,14.704,46.54
1991,51.207,33.754,41.554
1992,11.763,32.348,37.462
1993,91.482,51.91,53.636
1994,197.093,45.709,69.746
1995,3.644,34.458,1.854
1996,55.107,15.343,55.682
1997,5.498,50.184,3.516
1998,8.119,35.225,20.777
1999,58.239,36.376,27.106
2000,41.746,57.6,17.069
2001,14.512,14.448,35.992
2002,74.158,55.362,7.671
2003,36.184,49.992,42.065
2004,30.558,56.066,35.672
2005,4.155,23.909,2.493
2006,44.175,40.914,33.499
2007,221.386,7.224,
2008,102.031,9.525,
2009,4.411,46.412,
2010,4.539,12.21,
2011,15.407,15.407,
2012,62.906,26.722,
2013,1.79,38.166,
2014,35.289,50.12,
2015,13.681,6.457,
2016,15.663,36.503,
2017,116.031,25.188,
2018,37.462,19.882,
2019,46.796,29.407,
2020,48.011,57.6,
2021,58.942,14.512,
2022,34.33,37.079,
2023,37.654,29.152,
2024,23.014,19.434,
2025,33.371,1.343,
2026,50.248,7.799,
2027,39.316,8.95,
2028,45.709,3.9,
2029,78.313,41.106,
2030,41.042,6.521,
2031,2.365,3.069,
2032,72.24,29.983,
2033,130.99,26.275,
2034,42.001,62.075,
2035,56.385,29.855,
2036,27.234,29.791,
2037,77.098,17.772,
2038,37.143,37.974,
2039,56.769,34.969,
2040,20.777,19.498,
2041,166.663,2.621,
2042,53.189,50.312,
2043,36.695,44.047,
2044,53.892,28.704,
2045,79.336,51.015,
2046,46.924,62.842,
2047,61.755,53.764,
2048,27.042,10.101,
2049,53.892,4.347,
2050,52.933,31.964,
2051,56.13,42.896,
2052,12.146,14.768,
2053,40.787,22.759,
2054,67.637,2.685,
2055,42.193,40.978,
2056,34.713,58.751,
2057,114.113,40.978,
2058,72.495,36.376,
2059,30.75,48.842,
2060,1.215,20.521,
2061,47.563,31.709,
2062,13.297,51.591,
2063,2.429,39.636,
2064,75.82,28.193,
2065,36.12,13.936,
2066,3.516,3.772,
2067,26.211,7.991,
2068,62.522,26.083,
2069,48.266,5.69,
2070,7.416,2.174,
2071,51.91,46.668,
2072,2.11,3.58,
2073,38.357,36.056,
2074,1.726,15.727,
2075,28.257,60.029,
2076,28.065,29.727,
2077,6.329,41.362,
2078,45.901,56.833,
2079,42.96,42.193,
2080,4.475,30.366,
2081,1.151,39.38,
2082,62.331,8.95,
2083,57.472,3.964,
2084,27.298,1.982,
2085,55.618,40.531,
2086,96.66,33.754,
2087,40.851,35.417,
2088,17.261,32.796,
2089,14.512,7.671,
2090,33.179,27.745,
2091,43.216,10.229,
2092,53.317,39.828,
2093,52.55,37.654,
2094,6.904,24.677,
2095,44.622,57.28,
2096,29.791,37.718,
2097,4.219,36.376,
2098,81.19,1.406,
2099,3.196,32.156,
2100,42.513,45.39,
2101,120.57,40.211,
2102,73.007,35.736,
2103,28.193,6.776,
2104,19.69,1.918,
2105,52.805,2.557,
2106,43.216,28.257,
2107,7.032,60.157,
2108,31.964,2.941,
2109,136.488,26.978,
2110,54.915,24.613,
2111,53.445,6.649,
2112,77.034,18.923,
2113,68.851,16.813,
2114,48.906,13.873,
2115,73.518,31.006,
2116,65.463,9.973,
2117,132.077,30.238,
2118,47.691,29.855,
2119,60.796,48.011,
2120,8.055,80.486,
2121,50.376,4.091,
2122,11.06,41.042,
2123,66.614,39.316,
2124,65.399,35.864,
2125,2.749,62.075,
2126,64.568,35.225,
2127,45.262,64.568,
2128,52.741,31.133,
2129,253.478,46.093,
2130,35.992,37.207,
2131,54.34,49.545,
2132,7.991,55.171,
2133,53.636,26.594,
2134,56.13,43.344,
2135,62.139,50.184,
2136,26.722,50.568,
2137,15.407,6.713,
2138,27.042,41.554,
2139,60.157,17.325,
2140,16.046,29.088,
2141,2.11,36.056,
2142,8.95,28.448,
2143,55.81,45.326,
2144,46.732,25.188,
2145,67.701,32.923,
2146,68.724,49.033,
2147,6.84,4.283,
2148,41.362,34.905,
2149,51.527,33.307,
2150,0.959,43.216,
2151,55.554,7.927,
2152,49.609,32.348,
2153,46.732,35.864,
2154,41.362,17.261,
2155,26.467,50.887,
2156,32.156,8.439,
2157,29.343,28.704,
2158,12.658,83.235,
2159,,31.197,
2160,,31.773,
2161,,8.247,
2162,,5.434,
2163,,35.225,
2164,,59.262,
2165,,34.586,
2166,,39.316,
2167,,38.549,
2168,,24.996,
2169,,11.188,
2170,,33.818,
2171,,24.485,
2172,,7.671,
2173,,22.695,
2174,,23.014,
2175,,34.138,
2176,,10.996,
2177,,34.905,
2178,,18.028,
2179,,39.252,
2180,,35.8,
2181,,39.38,
2182,,29.919,
2183,,7.032,
2184,,61.883,
2185,,31.453,
2186,,35.417,
2187,,20.457,
2188,,17.9,
2189,,48.522,
2190,,1.279,
2191,,41.106,
2192,,43.088,
2193,,38.869,
2194,,25.06,
2195,,39.508,
2196,,32.348,
2197,,31.261,
2198,,39.188,
2199,,32.22,
2200,,38.038,
2201,,59.901,
2202,,46.732,
2203,,43.727,
2204,,42.001,
2205,,38.102,
