,Area,X,Y,Perim.,BX,BY,Width,Height,Major,Minor,Angle,Circ.,Feret,FeretX,FeretY,FeretAngle,MinFeret,AR,Round,Solidity,Mean-DAPI,StdDev-DAPI,Mode-DAPI,Min-DAPI,Max-DAPI,XM-DAPI,YM-DAPI,IntDen-DAPI,Median-DAPI,RawIntDen-DAPI,Mean-F-Actin,StdDev-F-Actin,Mode-F-Actin,Min-F-Actin,Max-F-Actin,XM-F-Actin,YM-F-Actin,IntDen-F-Actin,Median-F-Actin,RawIntDen-F-Actin
0,54.787,4.412,3.349,31.041,0.253,0.253,10.114,7.332,9.899,7.047,23.655,0.715,11.927,1.0,26.0,32.005,7.332,1.405,0.712,0.934,80.403,22.289,83.0,10.0,140.0,4.288,3.44,4402.595,80.0,68905.0,15.309,8.686,10.0,2.0,59.0,4.943,3.318,838.285,13.0,13120.0
1,10.484,20.93,1.286,13.837,18.205,0.253,5.31,2.276,5.472,2.439,0.38,0.688,5.597,72.0,1.0,161.565,2.276,2.243,0.446,0.948,67.848,17.411,71.0,25.0,125.0,20.999,1.206,710.945,68.0,11127.0,27.329,13.997,11.0,8.0,75.0,20.841,1.476,286.372,26.0,4482.0
2,11.443,26.788,1.444,13.751,24.273,0.253,5.057,2.781,5.238,2.782,1.491,0.761,5.358,96.0,8.0,19.29,2.781,1.883,0.531,0.94,43.101,31.898,14.0,7.0,136.0,27.323,1.125,492.94,31.0,7715.0,34.464,19.804,22.0,9.0,92.0,26.658,1.735,394.16,28.0,6169.0
3,18.667,34.897,1.465,21.842,30.088,0.253,9.102,2.781,9.536,2.492,179.776,0.492,9.324,119.0,9.0,12.529,2.781,3.826,0.261,0.88,73.791,27.495,76.0,9.0,152.0,35.078,1.412,1376.717,73.0,21547.0,22.767,11.736,16.0,2.0,80.0,34.745,1.6,424.765,20.0,6648.0
4,7.224,50.37,1.388,10.298,48.798,0.253,3.287,2.528,3.466,2.654,6.173,0.856,3.859,193.0,9.0,31.608,2.528,1.306,0.766,0.95,54.637,21.161,37.0,18.0,101.0,50.352,1.169,394.48,54.0,6174.0,27.726,15.986,16.0,5.0,81.0,50.285,1.64,200.179,24.0,3133.0
5,20.265,64.591,1.854,19.053,61.441,0.253,7.08,4.298,6.638,3.887,8.315,0.702,7.372,244.0,12.0,22.166,4.298,1.708,0.586,0.928,79.965,32.943,72.0,11.0,154.0,64.864,1.786,1619.641,85.0,25349.0,19.492,14.48,10.0,3.0,98.0,64.139,2.129,394.799,15.0,6179.0
6,9.525,73.983,1.09,14.823,70.796,0.253,6.321,2.276,5.806,2.089,179.691,0.545,6.366,280.0,1.0,173.157,2.276,2.78,0.36,0.92,87.128,24.747,117.0,29.0,136.0,73.72,1.053,829.468,89.0,12982.0,18.933,9.908,14.0,3.0,64.0,74.242,1.205,180.244,16.0,2821.0
7,30.686,86.96,1.808,26.071,81.415,0.253,10.872,3.793,10.302,3.792,1.101,0.567,10.919,322.0,1.0,174.685,3.793,2.716,0.368,0.931,68.335,33.38,81.0,10.0,148.0,86.834,1.631,2095.777,72.0,32801.0,21.915,17.979,9.0,3.0,117.0,86.895,2.147,672.098,15.0,10519.0
8,18.667,122.315,1.804,17.858,119.088,0.253,6.574,3.54,6.311,3.766,1.774,0.736,6.651,471.0,1.0,171.254,3.54,1.676,0.597,0.947,65.01,31.689,26.0,13.0,152.0,122.219,1.584,1212.894,61.0,18983.0,14.866,12.613,9.0,1.0,78.0,121.931,2.093,277.363,11.0,4341.0
9,1.918,128.14,0.683,5.833,126.926,0.253,2.276,1.011,2.546,0.959,174.828,0.708,2.49,502.0,1.0,156.038,1.011,2.655,0.377,0.909,64.133,22.75,42.0,23.0,107.0,128.244,0.634,122.931,70.0,1924.0,15.9,5.88,16.0,6.0,29.0,127.973,0.712,30.477,16.0,477.0
10,56.833,12.876,4.409,30.102,7.838,0.506,10.367,8.091,11.081,6.53,32.099,0.788,11.581,34.0,34.0,36.119,7.146,1.697,0.589,0.925,62.21,27.946,80.0,7.0,130.0,12.851,4.25,3533.641,66.0,55305.0,27.406,17.627,18.0,6.0,124.0,12.922,4.255,1556.706,22.0,24364.0
11,27.17,43.403,2.272,22.174,39.443,0.506,8.597,4.045,9.096,3.803,9.45,0.694,8.968,157.0,17.0,21.501,4.045,2.392,0.418,0.953,87.795,36.245,85.0,8.0,179.0,43.552,2.129,2384.065,90.0,37313.0,22.134,11.935,15.0,7.0,113.0,42.946,2.432,601.048,19.0,9407.0
12,31.645,57.091,2.633,22.741,52.591,0.506,8.344,4.804,8.457,4.764,169.891,0.769,8.529,208.0,7.0,168.024,4.804,1.775,0.563,0.955,85.808,32.752,95.0,10.0,177.0,56.82,2.467,2713.885,91.0,42475.0,19.626,11.638,15.0,6.0,113.0,57.276,2.524,620.727,16.0,9715.0
13,45.39,97.413,3.432,26.168,92.54,0.506,9.355,6.321,9.44,6.122,166.121,0.833,9.628,366.0,9.0,166.329,6.321,1.542,0.649,0.942,71.117,27.776,80.0,9.0,145.0,97.343,3.31,3226.184,75.0,50493.0,20.055,14.874,10.0,3.0,108.0,96.619,3.101,909.782,15.0,14239.0
14,77.162,112.398,3.842,35.899,105.688,0.506,13.653,7.332,13.618,7.214,177.95,0.752,13.737,418.0,11.0,173.66,7.244,1.888,0.53,0.949,64.244,27.9,63.0,5.0,139.0,112.376,3.791,4954.445,66.0,77542.0,18.465,10.713,11.0,2.0,67.0,112.114,3.666,1423.999,15.0,22287.0
15,37.782,78.829,4.254,24.651,74.335,1.011,8.849,6.068,8.698,5.531,1.11,0.781,9.025,294.0,23.0,11.31,6.068,1.573,0.636,0.929,81.164,35.076,78.0,5.0,186.0,78.48,4.04,3064.853,86.0,47968.0,27.318,15.024,17.0,3.0,89.0,79.083,4.269,1031.564,23.0,16145.0
16,6.329,103.786,2.415,9.496,102.401,1.011,2.781,2.781,3.155,2.554,46.231,0.882,3.594,406.0,15.0,50.711,2.781,1.236,0.809,0.917,21.343,4.044,19.0,14.0,37.0,103.723,2.426,135.007,21.0,2113.0,22.616,13.701,10.0,2.0,71.0,103.793,2.428,143.058,19.0,2239.0
17,22.759,70.039,3.999,20.693,65.739,1.517,7.838,4.551,7.386,3.923,178.274,0.668,7.939,260.0,18.0,170.838,4.403,1.883,0.531,0.871,74.202,27.986,71.0,13.0,144.0,69.587,3.924,1687.816,75.0,26416.0,21.126,13.385,13.0,2.0,81.0,70.069,4.03,480.544,17.0,7521.0
18,7.991,127.296,3.088,10.569,125.409,1.77,3.793,2.528,3.904,2.606,0.403,0.899,3.998,496.0,11.0,161.565,2.528,1.498,0.668,0.929,11.52,2.558,10.0,6.0,18.0,127.269,3.033,92.007,11.0,1440.0,25.712,8.908,20.0,7.0,52.0,127.369,3.157,205.354,25.0,3214.0
19,56.13,20.787,6.797,30.495,15.676,2.781,10.619,8.849,11.016,6.488,35.255,0.758,11.762,62.0,35.0,25.463,7.088,1.698,0.589,0.914,64.592,32.863,72.0,8.0,171.0,20.422,7.022,3623.539,66.0,56712.0,25.876,17.4,13.0,4.0,99.0,20.889,6.383,1451.601,19.0,22719.0
20,73.582,32.066,6.587,35.664,25.537,3.034,13.401,7.585,12.409,7.55,8.249,0.727,13.998,101.0,32.0,16.798,7.585,1.643,0.608,0.913,82.055,35.182,95.0,7.0,153.0,32.074,6.812,6034.44,88.0,94445.0,24.435,16.639,13.0,3.0,119.0,31.941,6.299,1797.01,18.0,28125.0
21,81.318,43.689,8.141,37.784,36.662,3.287,13.653,9.608,14.156,7.314,24.702,0.716,15.154,145.0,40.0,25.71,8.279,1.935,0.517,0.915,80.467,32.555,89.0,5.0,174.0,43.816,8.101,6539.775,85.0,102354.0,25.024,13.143,15.0,5.0,85.0,43.335,7.939,2033.736,22.0,31830.0
22,19.498,53.809,6.144,19.288,50.821,3.54,6.574,4.551,7.194,3.451,158.008,0.659,7.644,202.0,14.0,145.784,4.037,2.085,0.48,0.892,61.859,23.1,58.0,11.0,134.0,53.882,6.136,1205.482,58.0,18867.0,22.764,12.198,13.0,5.0,72.0,53.679,6.019,443.614,19.0,6943.0
23,56.513,89.432,7.043,33.075,82.932,3.54,13.148,6.574,12.426,5.79,176.875,0.649,13.343,328.0,24.0,170.181,6.356,2.146,0.466,0.888,63.354,24.228,61.0,7.0,128.0,89.867,7.086,3578.366,67.0,56005.0,25.261,13.11,16.0,6.0,99.0,88.975,6.844,1426.81,22.0,22331.0
24,1.982,62.032,4.71,4.883,61.188,4.045,1.77,1.264,1.884,1.34,1.418,1.0,2.038,242.0,21.0,29.745,1.264,1.406,0.711,0.939,15.452,3.254,14.0,11.0,26.0,62.034,4.704,30.605,15.0,479.0,37.484,15.779,29.0,20.0,78.0,62.013,4.603,74.244,33.0,1162.0
25,41.873,119.751,7.912,30.189,114.537,4.298,10.619,7.585,11.594,4.598,30.628,0.577,12.905,453.0,47.0,34.624,5.698,2.521,0.397,0.848,42.513,20.068,44.0,7.0,100.0,119.85,8.135,1779.184,44.0,27846.0,21.554,16.102,10.0,2.0,115.0,119.505,7.495,902.051,16.0,14118.0
26,70.258,95.429,10.789,50.13,86.219,4.551,19.469,10.114,18.086,4.946,23.602,0.351,20.894,341.0,50.0,21.286,6.934,3.657,0.273,0.672,47.569,28.58,21.0,7.0,149.0,94.262,11.466,3340.235,44.0,52278.0,23.396,16.762,10.0,2.0,108.0,94.817,10.744,1642.835,18.0,25712.0
27,38.421,126.569,9.352,24.319,123.134,5.057,6.068,8.091,8.499,5.756,74.192,0.816,9.046,493.0,52.0,63.435,6.068,1.477,0.677,0.95,51.326,20.044,56.0,8.0,101.0,126.696,9.314,1970.929,53.0,30847.0,15.8,9.894,13.0,0.0,69.0,126.32,9.56,606.735,13.0,9496.0
28,44.047,64.958,7.915,31.94,58.154,5.31,13.148,5.31,12.158,4.613,176.054,0.543,13.266,230.0,24.0,172.333,5.31,2.636,0.379,0.847,60.408,26.468,65.0,8.0,127.0,65.408,7.995,2659.32,65.0,41621.0,23.691,17.277,10.0,3.0,124.0,64.465,7.714,1042.937,18.0,16323.0
29,59.326,74.014,10.766,30.878,68.52,6.574,10.872,8.344,10.377,7.279,26.542,0.782,11.691,271.0,48.0,21.571,7.867,1.426,0.701,0.915,67.142,28.768,70.0,6.0,137.0,73.55,10.877,3981.088,70.0,62308.0,21.696,16.351,10.0,2.0,120.0,73.701,10.304,1286.436,15.0,20134.0
30,66.039,107.067,10.674,35.281,100.631,6.827,13.401,8.091,12.482,6.737,7.911,0.667,13.86,398.0,48.0,14.797,7.689,1.853,0.54,0.887,67.036,30.418,81.0,7.0,126.0,106.753,10.729,4424.511,72.0,69248.0,16.145,11.818,10.0,1.0,114.0,106.913,10.548,1065.619,13.0,16678.0
31,10.932,1.63,9.569,13.097,0.253,7.332,3.287,4.298,4.186,3.325,87.209,0.801,4.75,1.0,29.0,115.201,3.287,1.259,0.794,0.934,25.813,16.068,11.0,6.0,73.0,1.237,9.807,282.027,19.0,4414.0,22.854,12.07,15.0,3.0,67.0,1.85,9.626,249.697,19.0,3908.0
32,10.804,5.687,9.664,13.787,3.54,7.585,4.298,4.298,5.426,2.535,49.164,0.714,5.732,14.0,47.0,48.576,3.039,2.14,0.467,0.867,21.118,6.75,16.0,7.0,42.0,5.836,9.541,228.037,20.0,3569.0,36.379,10.123,39.0,18.0,71.0,5.681,9.684,392.818,37.0,6148.0
33,18.284,82.163,9.99,17.413,79.139,7.838,6.321,3.793,6.241,3.73,178.655,0.758,6.637,313.0,46.0,17.745,3.793,1.673,0.598,0.932,42.517,13.933,52.0,12.0,83.0,82.241,10.056,776.947,45.0,12160.0,28.168,19.348,10.0,3.0,116.0,82.052,9.986,514.728,22.0,8056.0
34,33.435,50.195,11.362,23.282,45.764,8.091,8.091,6.068,8.611,4.944,30.386,0.775,9.283,181.0,53.0,29.358,5.668,1.742,0.574,0.928,71.669,22.035,79.0,9.0,124.0,50.248,11.14,2394.927,74.0,37483.0,24.509,10.114,19.0,3.0,70.0,50.21,11.388,818.989,22.0,12818.0
35,78.824,12.577,13.161,34.393,6.321,8.597,12.136,9.355,11.341,8.85,166.626,0.837,12.304,25.0,46.0,170.538,9.322,1.282,0.78,0.936,85.814,41.227,94.0,6.0,213.0,12.318,13.466,6760.528,89.0,105809.0,19.851,15.773,10.0,2.0,131.0,12.862,12.637,1563.862,14.0,24476.0
36,41.746,58.039,11.792,25.07,53.855,8.597,8.849,6.574,8.293,6.409,0.776,0.835,9.137,213.0,53.0,14.421,6.574,1.294,0.773,0.936,56.141,19.156,62.0,9.0,100.0,58.173,11.649,2342.343,59.0,36660.0,21.761,12.402,10.0,3.0,76.0,57.612,11.603,907.929,19.0,14210.0
37,27.425,23.886,11.672,22.986,19.216,8.849,8.849,5.31,8.806,3.965,24.153,0.652,9.628,76.0,56.0,23.199,4.621,2.221,0.45,0.872,67.89,24.035,68.0,8.0,133.0,24.316,11.624,1860.904,69.0,29125.0,26.851,16.52,19.0,5.0,134.0,23.389,11.598,735.991,22.0,11519.0
38,63.098,32.136,14.12,34.086,25.031,10.872,13.653,6.574,13.669,5.877,9.463,0.682,13.987,99.0,61.0,12.529,6.087,2.326,0.43,0.912,48.781,23.867,17.0,7.0,125.0,31.878,14.304,3076.29,51.0,48147.0,28.82,15.874,13.0,6.0,102.0,32.045,14.09,1817.456,25.0,28445.0
39,38.869,118.816,14.002,28.018,113.779,11.125,9.861,6.574,10.059,4.92,21.307,0.622,11.082,450.0,70.0,27.15,5.644,2.045,0.489,0.854,39.908,15.649,46.0,6.0,81.0,118.772,13.752,1550.317,41.0,24264.0,23.97,8.105,21.0,10.0,61.0,118.661,14.109,931.187,22.0,14574.0
40,56.769,65.368,15.502,30.965,60.176,11.378,10.872,8.091,10.121,7.141,13.011,0.744,11.015,238.0,66.0,9.246,7.779,1.417,0.706,0.889,61.02,21.701,57.0,8.0,123.0,65.467,15.646,3462.144,62.0,54186.0,22.486,13.245,13.0,3.0,111.0,65.248,15.331,1275.829,19.0,19968.0
41,58.239,81.232,15.58,31.373,75.094,12.136,11.631,6.574,11.575,6.406,9.173,0.744,12.314,297.0,72.0,19.179,6.574,1.807,0.553,0.94,76.54,28.344,79.0,9.0,163.0,81.507,15.565,4455.18,79.0,69728.0,24.636,14.786,14.0,5.0,90.0,80.98,15.277,1433.966,19.0,22443.0
42,10.868,1.09,15.37,16.366,0.253,12.389,2.023,6.827,7.296,1.897,84.799,0.51,7.12,1.0,76.0,73.496,2.023,3.847,0.26,0.939,59.1,21.29,36.0,10.0,106.0,1.004,15.492,641.94,62.0,10047.0,21.182,13.134,15.0,6.0,85.0,1.121,15.642,230.081,17.0,3601.0
43,40.787,109.842,16.407,28.043,105.435,12.389,9.102,7.585,10.625,4.887,35.643,0.652,11.688,417.0,79.0,38.853,5.569,2.174,0.46,0.896,59.699,21.218,64.0,8.0,118.0,109.734,16.34,2433.583,62.0,38088.0,17.379,12.406,11.0,2.0,118.0,109.714,16.533,708.453,14.0,11088.0
44,41.746,5.7,17.15,26.168,2.276,12.642,7.585,8.091,8.808,6.035,126.942,0.766,9.964,12.0,50.0,125.707,6.694,1.46,0.685,0.934,75.133,31.988,92.0,8.0,161.0,5.495,17.273,3134.753,81.0,49062.0,21.066,12.679,10.0,3.0,88.0,5.761,17.445,878.922,17.0,13756.0
45,55.682,100.618,17.296,28.82,96.08,12.895,8.849,8.597,8.646,8.2,177.245,0.842,9.73,380.0,78.0,24.567,8.367,1.054,0.948,0.931,66.696,24.485,69.0,5.0,139.0,100.583,17.128,3711.713,69.0,58092.0,15.526,11.587,9.0,0.0,92.0,100.412,17.083,864.034,12.0,13523.0
46,5.114,40.287,14.538,8.633,38.938,13.401,2.781,2.276,3.018,2.157,20.119,0.862,3.439,154.0,62.0,36.027,2.276,1.399,0.715,0.92,21.175,4.342,20.0,13.0,30.0,40.223,14.583,108.236,20.0,1694.0,43.513,12.874,43.0,25.0,84.0,40.263,14.502,222.414,43.0,3481.0
47,16.174,45.892,15.367,18.782,42.477,13.401,7.332,3.54,7.852,2.623,166.386,0.576,7.756,168.0,54.0,160.974,3.294,2.994,0.334,0.817,37.909,21.49,33.0,8.0,104.0,46.563,15.653,612.804,34.0,9591.0,31.387,14.816,20.0,8.0,87.0,45.583,15.234,507.38,28.0,7941.0
48,60.605,125.357,18.491,29.795,121.111,13.906,8.091,9.102,9.973,7.737,59.669,0.858,10.801,485.0,91.0,57.426,8.01,1.289,0.776,0.953,64.275,24.776,73.0,10.0,138.0,125.372,18.795,3893.235,67.0,60933.0,15.194,11.499,9.0,1.0,77.0,124.99,17.918,920.325,11.0,14404.0
49,58.687,55.127,18.211,31.287,50.063,14.159,10.872,7.332,11.322,6.6,164.641,0.753,11.322,201.0,59.0,150.573,7.025,1.715,0.583,0.926,57.737,25.787,66.0,6.0,134.0,55.065,18.056,3386.558,62.0,53003.0,23.192,13.759,15.0,4.0,102.0,55.107,17.924,1360.297,19.0,21290.0
50,53.572,22.286,18.537,29.56,17.699,14.665,9.355,8.091,9.197,7.417,146.079,0.77,9.76,70.0,64.0,163.443,8.091,1.24,0.806,0.916,63.914,26.251,66.0,6.0,130.0,22.466,18.713,3422.146,67.0,53560.0,27.968,14.044,16.0,6.0,108.0,22.269,18.287,1497.477,25.0,23437.0
51,45.326,91.08,17.806,27.92,85.966,15.17,10.114,5.815,10.021,5.759,6.634,0.731,10.801,340.0,76.0,20.556,5.815,1.74,0.575,0.929,63.732,20.861,67.0,12.0,126.0,91.219,17.569,2887.101,63.0,45186.0,20.762,16.955,9.0,2.0,107.0,90.729,17.612,940.515,15.0,14720.0
52,5.178,73.163,16.58,8.633,71.807,15.423,2.781,2.276,3.102,2.126,20.883,0.873,3.439,284.0,69.0,36.027,2.217,1.459,0.685,0.92,16.877,3.624,18.0,10.0,26.0,73.17,16.633,87.343,17.0,1367.0,44.753,15.557,32.0,16.0,82.0,73.138,16.546,231.615,40.0,3625.0
53,26.594,40.27,18.721,20.09,37.421,16.182,6.068,5.31,6.193,5.468,14.364,0.828,7.084,149.0,83.0,34.824,5.31,1.132,0.883,0.934,58.13,21.457,77.0,13.0,119.0,39.935,18.864,1545.077,57.0,24182.0,26.373,14.075,15.0,5.0,91.0,40.094,18.381,700.978,23.0,10971.0
54,64.057,113.84,21.06,37.81,106.446,16.688,14.159,8.597,15.075,5.41,21.059,0.563,15.035,421.0,88.0,19.654,6.005,2.787,0.359,0.862,51.241,19.793,66.0,10.0,107.0,114.198,20.992,3280.494,54.0,51343.0,20.614,11.888,18.0,2.0,84.0,113.135,20.921,1319.724,18.0,20655.0
55,13.936,35.567,20.117,16.279,34.386,16.94,2.528,6.574,6.961,2.549,89.31,0.661,6.694,138.0,67.0,100.886,2.528,2.73,0.366,0.932,40.592,17.398,17.0,12.0,86.0,35.746,20.222,565.395,41.0,8849.0,33.991,13.595,20.0,12.0,75.0,35.443,19.847,473.452,31.0,7410.0
56,33.946,46.431,20.578,22.445,43.236,17.446,6.574,6.574,6.871,6.291,46.019,0.847,7.789,176.0,95.0,54.246,6.574,1.092,0.916,0.94,78.156,33.233,92.0,10.0,167.0,46.154,20.403,2651.652,82.0,41501.0,22.951,13.746,13.0,2.0,87.0,46.397,20.606,778.672,19.0,12187.0
57,37.079,28.486,21.272,35.69,20.733,17.699,12.895,7.585,13.136,3.594,28.02,0.366,14.711,82.0,99.0,28.768,5.439,3.655,0.274,0.638,32.64,15.413,22.0,8.0,82.0,28.637,21.3,1209.572,29.0,18931.0,31.85,14.054,26.0,9.0,100.0,28.054,21.259,1180.308,29.0,18473.0
58,52.486,15.195,21.745,30.694,9.608,17.952,10.367,8.091,10.478,6.378,152.034,0.7,11.151,42.0,74.0,147.031,7.531,1.643,0.609,0.872,61.352,31.161,74.0,4.0,143.0,15.623,22.067,3218.325,67.0,50370.0,21.233,14.414,13.0,3.0,94.0,14.974,21.628,1113.795,16.0,17432.0
59,65.783,67.24,21.76,35.455,60.682,18.205,13.653,7.332,13.801,6.069,17.569,0.658,14.414,241.0,94.0,21.615,6.668,2.274,0.44,0.903,74.37,32.195,88.0,7.0,166.0,66.992,21.697,4889.593,83.0,76527.0,25.493,17.634,13.0,5.0,129.0,66.954,21.604,1676.059,20.0,26232.0
60,81.445,80.642,22.397,38.698,72.818,18.963,15.676,7.08,15.192,6.826,178.439,0.683,15.879,288.0,95.0,9.162,7.053,2.226,0.449,0.923,78.692,40.44,13.0,8.0,210.0,80.816,22.202,6405.599,81.0,100254.0,19.223,15.222,10.0,2.0,123.0,80.378,22.219,1564.757,14.0,24490.0
61,60.349,3.867,24.52,32.768,0.253,19.974,8.597,9.608,9.264,8.294,36.106,0.706,11.633,1.0,117.0,42.357,8.597,1.117,0.895,0.922,58.66,30.798,74.0,6.0,122.0,3.06,25.061,3538.113,66.0,55375.0,22.889,13.202,13.0,3.0,87.0,4.442,24.185,1380.551,19.0,21607.0
62,68.084,93.047,24.569,35.516,85.713,20.48,13.148,8.091,12.274,7.063,15.819,0.678,14.179,339.0,107.0,21.991,7.636,1.738,0.575,0.896,67.038,29.485,74.0,7.0,150.0,93.428,24.617,4561.69,74.0,71395.0,22.558,19.527,10.0,2.0,141.0,92.052,24.496,1534.982,15.0,24024.0
63,13.425,101.512,23.326,21.704,98.608,20.733,7.08,6.068,7.811,2.188,35.531,0.358,9.324,390.0,106.0,40.601,3.489,3.569,0.28,0.641,49.743,33.653,10.0,7.0,131.0,100.544,23.951,667.434,55.0,10446.0,27.886,18.901,16.0,7.0,103.0,101.869,22.821,374.161,22.0,5856.0
64,43.024,54.731,24.437,27.92,50.568,21.492,9.608,6.574,9.399,5.828,7.449,0.694,10.002,200.0,85.0,163.856,6.574,1.613,0.62,0.923,66.743,26.779,81.0,10.0,145.0,54.393,24.388,2869.977,71.0,44918.0,25.554,14.932,16.0,6.0,113.0,54.519,24.302,1098.844,22.0,17198.0
65,5.434,38.523,23.019,8.546,37.168,21.744,2.781,2.528,2.8,2.471,14.397,0.935,3.168,147.0,94.0,28.61,2.528,1.133,0.882,0.909,71.882,12.235,64.0,52.0,109.0,38.598,23.041,390.39,71.0,6110.0,19.494,7.126,20.0,6.0,52.0,38.457,23.01,105.872,19.0,1657.0
66,31.389,40.313,25.789,25.959,35.651,22.25,8.344,6.321,7.893,5.063,16.742,0.585,8.439,141.0,96.0,171.384,6.292,1.559,0.641,0.777,65.513,24.119,63.0,11.0,133.0,39.968,25.858,2055.269,66.0,32167.0,23.66,10.252,18.0,5.0,77.0,40.247,25.714,742.253,22.0,11617.0
67,37.398,117.381,25.411,26.613,112.009,22.25,9.861,5.815,9.993,4.765,17.695,0.664,10.969,443.0,109.0,25.974,5.609,2.097,0.477,0.924,63.352,22.738,65.0,6.0,113.0,117.634,25.36,2367.964,65.0,37061.0,15.85,8.225,13.0,2.0,69.0,116.999,25.439,592.422,14.0,9272.0
68,46.924,23.045,27.468,36.466,15.929,22.756,13.148,7.838,12.136,4.923,12.574,0.443,14.376,63.0,114.0,23.86,6.437,2.465,0.406,0.749,52.794,28.404,63.0,5.0,121.0,24.032,27.417,2475.945,53.0,38751.0,30.437,11.612,22.0,11.0,87.0,22.261,27.502,1427.449,28.0,22341.0
69,31.197,32.092,25.977,27.415,28.318,22.756,7.08,6.321,6.563,6.052,19.801,0.522,7.996,112.0,113.0,34.695,6.321,1.084,0.922,0.849,48.092,15.959,53.0,15.0,101.0,32.123,26.414,1499.521,48.0,23469.0,26.25,11.728,18.0,8.0,74.0,32.184,25.786,818.478,23.0,12810.0
70,17.389,11.768,25.505,18.695,8.849,23.009,6.321,4.551,6.303,3.513,159.275,0.625,7.187,38.0,91.0,140.711,4.182,1.794,0.557,0.841,45.026,17.131,41.0,7.0,99.0,11.674,25.527,782.506,44.0,12247.0,28.393,11.566,29.0,8.0,58.0,11.87,25.414,493.451,28.0,7723.0
71,44.75,103.753,27.001,26.204,99.62,23.009,8.597,7.838,9.874,5.77,42.713,0.819,10.23,395.0,122.0,39.987,5.9,1.711,0.584,0.945,71.907,28.173,76.0,6.0,164.0,103.846,26.868,3216.089,74.0,50335.0,14.113,8.745,9.0,1.0,60.0,103.546,27.177,631.206,12.0,9879.0
72,37.271,125.125,26.383,25.121,120.858,23.009,7.838,6.574,8.191,5.794,28.726,0.742,9.611,478.0,113.0,35.362,6.314,1.414,0.707,0.913,59.012,19.816,62.0,9.0,106.0,125.257,26.212,2198.199,60.0,34404.0,13.285,9.664,6.0,1.0,61.0,125.007,26.483,494.857,10.0,7745.0
73,45.901,47.17,28.026,27.118,43.489,23.514,7.332,8.597,8.913,6.557,57.225,0.784,9.964,174.0,125.0,54.293,6.963,1.359,0.736,0.926,75.035,26.939,71.0,11.0,152.0,47.099,27.946,3442.273,76.0,53875.0,24.273,14.314,16.0,6.0,123.0,47.068,27.808,1113.539,20.0,17428.0
74,26.467,68.115,27.005,24.381,63.21,24.273,9.355,5.057,9.422,3.577,14.636,0.56,10.002,250.0,112.0,20.726,4.337,2.634,0.38,0.819,60.179,24.188,69.0,6.0,128.0,68.449,26.94,1591.848,63.0,24914.0,24.732,17.59,9.0,1.0,107.0,67.415,26.915,654.208,19.0,10239.0
75,64.76,57.128,30.125,34.418,50.821,25.031,11.631,9.355,12.032,6.853,28.528,0.687,12.892,201.0,124.0,25.56,7.968,1.756,0.57,0.88,82.728,35.524,84.0,6.0,169.0,56.674,30.161,5354.483,87.0,83803.0,24.625,14.064,15.0,5.0,94.0,57.049,29.971,1593.828,20.0,24945.0
76,77.482,75.899,29.517,41.324,69.279,25.031,14.918,8.849,14.067,7.013,15.854,0.57,16.622,274.0,133.0,26.175,8.471,2.006,0.499,0.837,57.037,22.556,65.0,8.0,129.0,75.591,29.272,4416.907,58.0,69129.0,24.554,15.513,14.0,4.0,106.0,76.27,29.67,1901.476,20.0,29760.0
77,24.293,108.194,29.731,22.332,104.424,26.043,6.827,7.08,8.534,3.624,51.737,0.612,8.968,413.0,126.0,40.426,4.548,2.355,0.425,0.843,70.397,23.581,74.0,9.0,137.0,108.015,30.016,1709.22,71.0,26751.0,17.416,10.964,13.0,1.0,72.0,108.301,29.77,422.848,14.0,6618.0
78,41.618,11.153,31.008,26.133,7.332,27.56,7.838,7.08,7.931,6.682,39.498,0.766,9.611,29.0,134.0,35.362,7.08,1.187,0.843,0.914,74.803,27.494,88.0,7.0,145.0,11.083,31.042,3111.431,76.0,48697.0,20.023,11.153,15.0,5.0,75.0,11.277,30.824,832.854,16.0,13035.0
79,33.627,3.905,31.688,24.912,0.253,27.813,7.332,6.827,8.416,5.087,33.685,0.681,9.848,1.0,136.0,41.878,5.753,1.654,0.604,0.895,68.302,30.533,21.0,10.0,145.0,3.561,31.999,2295.509,72.0,35927.0,22.717,14.675,13.0,3.0,94.0,4.244,31.415,763.466,18.0,11949.0
80,60.093,85.751,31.593,32.666,79.139,27.813,12.895,7.585,12.228,6.257,24.427,0.708,13.851,313.0,135.0,21.413,7.151,1.954,0.512,0.925,62.048,29.228,69.0,6.0,145.0,85.511,31.574,3726.6,65.0,58325.0,24.237,20.791,13.0,1.0,144.0,85.57,31.431,1455.69,16.0,22783.0
81,48.138,94.456,32.277,29.448,89.253,27.813,9.861,8.344,11.664,5.255,39.339,0.698,12.178,354.0,142.0,41.634,5.794,2.22,0.45,0.919,65.296,30.572,60.0,8.0,157.0,94.76,32.359,3141.525,67.0,49168.0,23.841,21.412,10.0,3.0,146.0,93.783,32.044,1147.02,15.0,17952.0
82,43.6,37.298,31.336,28.784,32.111,28.318,10.872,5.815,10.932,5.078,8.454,0.661,11.364,127.0,132.0,20.854,5.815,2.153,0.464,0.89,63.928,23.488,65.0,10.0,151.0,37.425,31.123,2785.701,63.0,43599.0,23.51,9.748,18.0,8.0,70.0,36.948,31.317,1024.472,22.0,16034.0
83,34.586,113.748,30.988,24.207,109.733,28.318,8.849,6.068,8.71,5.056,26.668,0.742,9.951,434.0,132.0,27.216,5.721,1.723,0.58,0.926,72.556,25.161,60.0,7.0,133.0,113.471,31.048,2508.019,73.0,39253.0,14.076,9.383,10.0,1.0,57.0,113.645,30.836,486.55,11.0,7615.0
84,1.79,128.606,29.077,4.674,127.938,28.318,1.264,1.517,1.653,1.379,90.0,1.0,1.823,507.0,112.0,123.69,1.264,1.199,0.834,0.966,16.107,1.892,14.0,12.0,19.0,128.57,29.057,28.816,16.0,451.0,29.786,12.911,26.0,14.0,74.0,128.529,28.981,53.287,27.0,834.0
85,53.445,26.927,33.485,30.781,21.744,29.33,10.114,8.091,11.525,5.904,36.608,0.709,12.642,86.0,146.0,36.87,6.794,1.952,0.512,0.913,65.019,29.392,72.0,4.0,143.0,27.097,33.205,3473.006,68.0,54356.0,26.939,14.483,18.0,7.0,91.0,26.521,33.783,1438.95,23.0,22521.0
86,33.307,64.62,32.069,23.395,60.176,29.33,8.344,5.057,8.374,5.065,12.972,0.765,9.386,238.0,136.0,27.255,5.057,1.653,0.605,0.952,70.232,24.129,60.0,10.0,135.0,64.794,32.013,2337.934,71.0,36591.0,21.706,11.768,14.0,3.0,79.0,64.449,32.014,722.574,19.0,11309.0
87,52.869,118.717,33.983,32.518,113.779,29.33,10.619,9.861,13.172,5.111,40.779,0.628,13.663,450.0,154.0,38.991,5.9,2.577,0.388,0.876,54.417,25.215,66.0,8.0,150.0,118.87,33.87,2875.408,57.0,45003.0,17.522,14.28,10.0,1.0,102.0,118.083,34.421,925.884,12.0,14491.0
88,38.038,18.498,32.848,24.381,14.665,29.835,8.344,6.068,7.987,6.064,10.805,0.804,8.878,58.0,135.0,19.983,6.068,1.317,0.759,0.934,76.605,27.464,85.0,12.0,157.0,18.387,32.991,2912.275,77.0,45580.0,21.776,13.207,14.0,3.0,80.0,18.686,32.746,827.871,18.0,12957.0
89,34.969,126.155,34.365,25.157,122.375,30.341,6.827,7.585,7.599,5.859,65.418,0.694,8.42,484.0,144.0,41.348,6.563,1.297,0.771,0.891,59.022,22.606,64.0,8.0,119.0,126.284,34.38,2062.808,61.0,32285.0,15.477,12.246,10.0,1.0,97.0,126.09,34.105,540.924,12.0,8466.0
90,35.672,100.612,34.452,27.154,95.574,31.605,10.619,6.068,10.363,4.383,20.577,0.608,11.276,378.0,147.0,19.654,5.163,2.364,0.423,0.872,62.541,25.318,63.0,7.0,126.0,100.329,34.487,2229.762,63.0,34898.0,19.348,13.573,9.0,3.0,74.0,100.819,34.087,689.796,15.0,10796.0
91,38.549,49.213,35.201,25.428,45.511,31.858,8.849,6.827,8.137,6.032,11.77,0.749,9.276,180.0,148.0,17.447,6.329,1.349,0.741,0.912,78.992,28.715,78.0,10.0,153.0,49.051,35.275,3043.385,82.0,47632.0,19.153,12.694,10.0,2.0,105.0,49.08,35.084,737.908,15.0,11549.0
92,29.855,41.774,35.473,22.148,37.673,32.364,7.332,5.815,7.607,4.997,21.078,0.765,7.935,149.0,142.0,22.479,5.165,1.522,0.657,0.923,73.242,26.393,83.0,12.0,129.0,41.646,35.279,2185.42,76.0,34204.0,21.908,10.799,15.0,3.0,77.0,41.615,35.474,653.696,19.0,10231.0
93,50.823,73.895,36.915,29.054,68.52,33.375,10.114,7.08,10.265,6.304,21.59,0.757,11.322,271.0,155.0,29.427,6.837,1.628,0.614,0.927,56.601,30.927,64.0,4.0,144.0,73.654,37.34,2875.089,62.0,44998.0,23.663,21.908,10.0,2.0,112.0,74.387,35.867,1201.968,14.0,18812.0
94,38.613,109.498,37.458,24.615,106.446,33.881,6.574,7.332,7.458,6.592,56.481,0.801,8.946,421.0,163.0,42.709,6.574,1.131,0.884,0.942,58.195,22.516,71.0,7.0,115.0,109.698,37.654,2245.863,63.0,35150.0,21.583,17.24,13.0,1.0,136.0,109.155,36.987,832.918,16.0,13036.0
95,37.207,33.694,37.215,23.788,29.077,34.386,9.102,5.31,8.765,5.405,171.968,0.826,9.273,115.0,145.0,168.996,5.31,1.622,0.617,0.944,82.16,29.839,80.0,5.0,168.0,33.474,37.193,3055.205,84.0,47817.0,20.352,12.482,13.0,3.0,71.0,33.732,36.923,756.821,17.0,11845.0
96,52.55,63.548,37.912,31.496,58.406,34.386,11.125,7.585,11.307,5.917,22.762,0.666,12.553,231.0,160.0,27.597,6.898,1.911,0.523,0.909,72.869,29.897,73.0,8.0,170.0,63.36,38.106,3827.105,76.0,59898.0,16.922,14.332,13.0,0.0,104.0,63.298,37.446,888.761,13.0,13910.0
97,37.079,8.382,38.088,23.395,5.31,34.639,6.321,7.08,7.443,6.343,115.358,0.851,8.205,23.0,138.0,123.69,6.272,1.174,0.852,0.945,70.057,27.818,72.0,8.0,140.0,8.319,38.092,2596.193,72.0,40633.0,20.636,15.358,9.0,2.0,95.0,8.259,37.871,764.744,16.0,11969.0
98,6.968,13.351,36.343,10.063,12.136,34.892,2.781,3.287,3.515,2.524,55.462,0.865,3.859,49.0,151.0,58.392,2.781,1.393,0.718,0.924,61.688,24.701,50.0,22.0,134.0,13.234,36.599,429.621,54.0,6724.0,23.523,12.937,12.0,6.0,62.0,13.318,36.019,163.823,20.0,2564.0
99,23.206,2.623,38.035,19.88,0.253,35.145,4.804,6.321,6.611,4.47,117.598,0.738,7.789,1.0,139.0,125.754,4.747,1.479,0.676,0.907,64.904,29.305,68.0,8.0,139.0,2.33,38.052,1505.335,66.0,23560.0,17.667,9.137,11.0,3.0,65.0,2.919,37.971,409.75,16.0,6413.0
100,56.769,53.289,39.697,33.938,47.281,35.145,11.884,8.344,13.09,5.522,32.586,0.619,14.376,187.0,171.0,34.249,6.147,2.371,0.422,0.897,66.092,36.209,13.0,4.0,172.0,53.087,40.031,3749.921,73.0,58690.0,21.137,19.269,9.0,1.0,111.0,53.312,39.168,1199.285,14.0,18770.0
101,20.457,84.036,36.908,23.247,79.392,35.145,9.102,3.54,9.114,2.858,0.575,0.476,9.324,314.0,147.0,12.529,3.465,3.189,0.314,0.775,29.841,11.009,27.0,9.0,65.0,84.262,37.105,610.121,29.0,9549.0,24.269,13.266,10.0,5.0,77.0,84.055,36.804,496.198,22.0,7766.0
102,48.075,101.796,39.72,28.451,96.838,35.904,9.102,6.827,9.948,6.153,21.54,0.746,11.024,383.0,168.0,36.607,6.651,1.617,0.618,0.952,76.96,22.089,77.0,11.0,152.0,101.72,39.65,3697.784,77.0,57874.0,19.303,10.971,13.0,3.0,94.0,101.565,39.782,927.481,16.0,14516.0
103,43.663,16.187,39.982,27.573,11.125,36.409,9.861,7.332,10.369,5.362,33.965,0.722,11.322,44.0,167.0,29.427,5.9,1.934,0.517,0.913,70.473,31.085,69.0,9.0,157.0,16.192,39.979,3075.395,71.0,48133.0,22.469,14.485,14.0,3.0,89.0,16.261,39.749,980.513,18.0,15346.0
104,43.855,92.419,40.007,25.934,87.989,36.915,8.597,7.332,8.543,6.536,151.777,0.819,8.939,348.0,151.0,151.26,7.012,1.307,0.765,0.92,64.85,30.196,67.0,6.0,156.0,92.716,40.22,2842.439,68.0,44487.0,18.631,17.309,10.0,1.0,117.0,91.588,39.724,816.625,13.0,12781.0
105,50.184,120.633,40.85,27.425,116.054,36.915,8.849,8.344,8.156,7.834,48.138,0.838,9.204,459.0,163.0,15.945,8.149,1.041,0.961,0.94,55.089,27.795,76.0,5.0,118.0,120.786,40.946,2763.083,60.0,43245.0,18.094,14.157,9.0,2.0,76.0,120.168,40.493,907.546,13.0,14204.0
106,53.445,21.868,42.815,29.621,17.193,37.926,8.597,9.102,10.868,6.262,50.589,0.765,11.633,70.0,185.0,47.643,6.991,1.736,0.576,0.926,74.396,31.12,75.0,7.0,172.0,21.783,43.137,3973.868,78.0,62195.0,23.41,17.373,14.0,3.0,136.0,21.639,42.44,1250.464,18.0,19571.0
107,22.119,28.02,41.374,19.916,25.79,37.926,4.804,6.827,7.001,4.023,79.752,0.701,7.28,102.0,177.0,69.677,4.523,1.74,0.575,0.865,56.954,22.264,59.0,7.0,112.0,27.939,41.59,1259.089,58.0,19706.0,19.335,14.568,10.0,3.0,113.0,27.916,40.848,427.449,15.0,6690.0
108,28.129,126.937,41.844,22.47,123.64,37.926,5.563,7.08,7.882,4.544,65.976,0.7,9.003,489.0,178.0,51.843,4.968,1.735,0.577,0.92,44.052,16.477,53.0,8.0,88.0,127.115,41.819,1238.452,46.0,19383.0,16.584,13.828,6.0,1.0,77.0,126.687,41.781,466.232,11.0,7297.0
109,48.202,42.175,41.414,28.278,37.421,38.179,9.861,6.574,10.35,5.93,13.731,0.757,10.631,149.0,174.0,25.346,6.138,1.745,0.573,0.918,63.814,27.118,76.0,9.0,138.0,41.953,41.563,3074.309,69.0,48116.0,21.147,14.942,11.0,3.0,102.0,42.096,41.049,1018.785,16.0,15945.0
110,46.348,79.27,41.788,27.093,74.083,38.179,9.608,6.827,9.474,6.229,11.585,0.793,10.239,293.0,170.0,20.225,6.827,1.521,0.657,0.932,67.341,29.094,82.0,8.0,140.0,79.246,41.595,3119.418,74.0,48822.0,21.468,15.914,10.0,2.0,114.0,79.032,42.072,994.441,16.0,15564.0
111,5.498,85.84,40.219,8.99,84.449,38.938,2.781,2.528,3.294,2.125,31.346,0.855,3.594,334.0,164.0,39.289,2.254,1.55,0.645,0.915,13.721,4.043,12.0,7.0,27.0,85.76,40.154,75.395,13.0,1180.0,47.36,24.044,32.0,17.0,130.0,85.657,40.141,260.239,41.0,4073.0
112,60.029,66.589,44.032,33.703,61.188,39.949,12.136,8.344,12.245,6.242,29.245,0.664,13.684,242.0,188.0,27.512,6.784,1.962,0.51,0.903,79.334,33.565,91.0,6.0,148.0,66.069,44.355,4759.761,90.0,74495.0,15.89,12.057,10.0,1.0,103.0,66.68,43.924,953.358,12.0,14921.0
113,33.627,108.886,43.66,31.767,103.918,39.949,11.378,7.838,12.078,3.545,33.751,0.419,13.816,411.0,189.0,34.563,5.142,3.407,0.293,0.734,50.878,25.807,12.0,7.0,126.0,108.108,44.053,1709.923,53.0,26762.0,23.354,17.099,9.0,1.0,94.0,109.363,43.182,784.87,17.0,12284.0
114,28.512,33.783,42.901,20.866,30.088,40.455,6.827,5.31,6.771,5.361,4.197,0.823,7.466,119.0,174.0,28.301,5.31,1.263,0.792,0.943,78.572,22.311,80.0,12.0,142.0,33.565,42.883,2239.027,80.0,35043.0,17.715,10.812,11.0,1.0,66.0,33.789,42.574,504.824,15.0,7901.0
115,15.343,1.809,43.483,15.625,0.253,40.708,3.54,5.31,5.237,3.73,96.504,0.79,5.821,1.0,161.0,124.38,3.54,1.404,0.712,0.949,64.746,37.842,77.0,6.0,156.0,1.393,43.133,992.844,74.0,15539.0,20.796,12.715,16.0,2.0,103.0,2.108,43.701,318.893,18.0,4991.0
116,39.892,57.528,45.077,24.503,53.855,41.213,7.332,7.585,8.005,6.345,48.408,0.835,8.777,216.0,192.0,41.496,6.594,1.262,0.793,0.934,79.984,29.969,89.0,11.0,159.0,57.31,45.21,3188.934,83.0,49910.0,16.603,11.612,10.0,1.0,74.0,57.794,45.102,661.939,13.0,10360.0
117,50.951,87.242,45.45,27.241,82.932,41.466,8.849,7.585,8.78,7.389,9.64,0.863,9.204,328.0,176.0,164.055,7.481,1.188,0.842,0.943,72.711,34.4,79.0,7.0,156.0,87.282,45.545,3702.704,76.0,57951.0,21.213,18.615,9.0,1.0,119.0,86.958,45.237,1080.251,14.0,16907.0
118,8.566,6.083,43.334,12.295,4.298,41.972,4.045,3.287,4.277,2.55,29.213,0.712,5.057,17.0,179.0,36.87,2.917,1.677,0.596,0.887,12.866,3.295,10.0,6.0,21.0,6.024,43.426,110.153,12.0,1724.0,32.179,16.784,18.0,13.0,92.0,5.94,43.206,275.51,27.0,4312.0
119,45.581,114.55,46.006,26.501,109.48,42.225,9.355,7.08,8.784,6.607,178.973,0.816,9.571,433.0,188.0,12.2,7.08,1.329,0.752,0.941,68.471,30.754,59.0,7.0,142.0,114.758,46.178,3119.29,69.0,48820.0,19.599,12.362,13.0,2.0,102.0,114.063,45.977,892.851,16.0,13974.0
120,52.613,11.283,46.562,29.954,5.563,42.73,11.125,7.332,10.499,6.381,178.907,0.737,11.265,22.0,181.0,170.961,7.332,1.645,0.608,0.897,67.504,29.763,85.0,8.0,144.0,11.275,46.821,3549.678,74.0,55556.0,17.97,13.912,10.0,1.0,94.0,11.301,46.057,944.924,13.0,14789.0
121,53.572,98.621,46.033,31.644,92.54,43.236,12.136,6.321,11.684,5.838,7.778,0.672,12.715,366.0,186.0,17.354,6.321,2.001,0.5,0.91,69.202,32.328,69.0,11.0,169.0,98.413,46.054,3705.259,69.0,57991.0,21.075,16.529,10.0,2.0,97.0,98.521,46.008,1128.427,15.0,17661.0
122,33.754,71.36,47.27,26.179,66.497,43.742,9.861,7.08,10.545,4.075,35.043,0.619,10.86,263.0,196.0,24.775,4.585,2.588,0.386,0.852,67.975,34.482,17.0,11.0,159.0,71.319,47.399,2293.209,71.0,35891.0,22.557,14.946,7.0,3.0,100.0,71.419,47.22,760.974,19.0,11910.0
123,31.645,44.065,47.402,22.593,40.708,43.994,6.068,6.827,6.471,6.226,59.084,0.779,7.585,161.0,192.0,36.87,6.068,1.039,0.962,0.936,77.44,31.861,95.0,13.0,146.0,44.114,47.291,2449.237,80.0,38333.0,24.471,14.605,14.0,2.0,96.0,44.194,47.267,773.944,20.0,12113.0
124,37.079,50.519,47.412,23.247,47.281,44.247,6.574,6.827,7.188,6.568,111.254,0.862,8.067,188.0,175.0,122.196,6.574,1.094,0.914,0.945,84.94,39.256,106.0,11.0,176.0,50.844,47.501,3147.723,95.0,49265.0,20.405,17.628,10.0,2.0,105.0,49.94,47.378,756.182,14.0,11835.0
125,43.855,28.314,48.132,27.118,24.02,45.006,9.355,6.574,9.781,5.709,17.551,0.749,10.517,95.0,203.0,27.181,6.104,1.713,0.584,0.927,70.069,27.676,62.0,9.0,144.0,28.332,48.209,3071.178,71.0,48067.0,17.172,12.59,7.0,2.0,112.0,27.896,48.081,752.668,14.0,11780.0
126,14.832,37.269,46.89,15.835,34.134,45.006,5.815,3.287,6.135,3.078,11.217,0.743,6.341,135.0,190.0,23.499,3.287,1.993,0.502,0.919,55.728,18.164,52.0,20.0,108.0,37.249,46.771,826.082,55.0,12929.0,21.194,14.249,10.0,4.0,89.0,37.316,46.953,314.165,17.0,4917.0
127,70.45,76.309,50.202,39.327,68.267,45.511,14.412,8.597,15.396,5.826,26.432,0.572,16.089,270.0,213.0,30.192,6.921,2.642,0.378,0.867,44.877,22.672,37.0,8.0,127.0,76.769,50.126,3159.799,43.0,49454.0,26.602,18.009,14.0,3.0,123.0,75.861,50.102,1873.044,21.0,29315.0
128,61.052,123.329,49.056,32.533,117.571,45.511,11.378,7.332,11.656,6.669,18.384,0.725,12.576,466.0,206.0,30.174,7.192,1.748,0.572,0.912,47.125,22.445,51.0,5.0,110.0,123.832,48.857,2875.472,49.0,45004.0,20.698,14.163,13.0,3.0,76.0,122.693,48.814,1262.987,15.0,19767.0
129,46.54,4.035,50.376,27.18,0.253,46.27,8.344,7.838,8.864,6.685,145.078,0.792,9.324,3.0,186.0,139.399,7.509,1.326,0.754,0.914,68.35,26.238,55.0,10.0,139.0,3.864,50.558,3179.286,68.0,49759.0,19.007,11.868,11.0,3.0,93.0,3.995,50.213,884.097,15.0,13837.0
130,14.256,21.364,49.24,14.972,18.963,47.281,4.551,3.793,5.016,3.619,22.352,0.799,5.614,75.0,200.0,35.838,3.793,1.386,0.721,0.923,50.193,12.136,58.0,17.0,89.0,21.338,49.322,715.162,50.0,11193.0,26.628,13.655,19.0,4.0,86.0,21.192,49.223,379.401,23.0,5938.0
131,65.975,14.775,52.927,37.748,8.597,47.787,13.148,9.102,11.752,7.148,12.065,0.582,13.302,34.0,213.0,8.746,7.635,1.644,0.608,0.798,59.014,27.273,65.0,9.0,131.0,14.609,52.972,3891.254,61.0,60902.0,20.763,11.991,11.0,2.0,70.0,14.954,52.786,1369.05,17.0,21427.0
132,48.075,101.997,52.01,32.988,97.597,47.787,10.872,9.102,11.554,5.298,37.581,0.555,13.607,389.0,225.0,41.987,6.185,2.181,0.459,0.84,26.527,11.353,21.0,4.0,74.0,102.029,51.868,1274.551,24.0,19948.0,24.654,21.112,10.0,2.0,102.0,101.719,51.456,1184.589,17.0,18540.0
133,18.923,93.766,50.218,18.251,90.264,48.04,7.08,4.045,7.443,3.237,160.201,0.714,7.518,357.0,193.0,160.346,3.699,2.299,0.435,0.898,45.885,13.48,31.0,15.0,86.0,93.792,50.297,867.804,46.0,13582.0,23.541,19.177,8.0,2.0,148.0,93.27,50.008,445.211,19.0,6968.0
134,40.339,62.082,51.079,27.18,56.637,48.293,10.872,5.31,10.504,4.89,171.221,0.686,11.358,224.0,196.0,163.179,5.31,2.148,0.465,0.914,58.45,29.774,19.0,8.0,154.0,61.763,51.192,2356.527,62.0,36882.0,26.013,16.226,15.0,5.0,115.0,62.303,50.887,1048.751,21.0,16414.0
135,38.293,110.614,51.493,29.683,105.435,48.293,11.378,6.068,10.394,4.691,11.977,0.546,12.163,417.0,215.0,20.695,5.869,2.216,0.451,0.849,48.357,25.972,15.0,5.0,122.0,111.097,51.415,1850.745,47.0,28966.0,21.224,14.688,13.0,2.0,86.0,110.296,51.451,812.281,17.0,12713.0
136,35.161,32.583,52.206,25.218,27.813,49.051,9.102,6.321,8.938,5.009,26.885,0.695,9.861,110.0,209.0,22.62,5.71,1.784,0.56,0.908,70.207,25.167,70.0,9.0,149.0,32.428,52.369,2467.191,70.0,38614.0,15.873,10.13,8.0,3.0,63.0,32.579,52.132,557.792,13.0,8730.0
137,40.403,39.424,52.863,27.451,34.639,49.051,9.608,7.08,8.949,5.749,29.262,0.674,10.742,137.0,222.0,26.565,6.801,1.557,0.642,0.869,62.671,29.285,63.0,7.0,149.0,39.35,52.602,2530.702,63.0,39608.0,17.628,14.378,7.0,1.0,82.0,39.106,53.118,711.84,12.0,11141.0
138,5.178,54.615,50.738,8.484,53.097,49.557,2.781,2.276,3.023,2.181,24.512,0.904,3.439,210.0,204.0,36.027,2.276,1.386,0.722,0.936,36.914,9.199,25.0,22.0,53.0,54.639,50.814,191.042,36.0,2990.0,27.531,10.71,20.0,11.0,53.0,54.636,50.639,142.483,25.0,2230.0
139,49.609,86.154,52.67,30.337,80.404,49.557,11.125,6.321,10.393,6.078,4.717,0.677,11.675,318.0,219.0,17.65,6.321,1.71,0.585,0.876,60.606,28.952,67.0,8.0,136.0,86.201,52.906,3004.921,62.0,47030.0,21.116,18.334,9.0,3.0,120.0,85.456,52.12,1046.962,14.0,16386.0
140,7.735,127.717,52.32,11.58,125.662,50.315,3.54,3.287,4.172,2.36,35.689,0.725,4.831,497.0,212.0,42.879,2.838,1.768,0.566,0.88,53.579,23.882,28.0,20.0,121.0,128.029,52.013,414.223,52.0,6483.0,22.264,10.071,21.0,3.0,56.0,127.371,52.443,172.13,20.0,2694.0
141,12.019,45.549,53.456,17.572,42.983,50.568,5.563,5.815,7.771,1.969,48.95,0.489,7.706,171.0,223.0,48.991,2.497,3.946,0.253,0.774,19.564,4.849,16.0,9.0,30.0,45.721,53.214,235.001,20.0,3678.0,36.176,20.773,18.0,8.0,197.0,45.276,53.644,434.541,31.0,6801.0
142,43.727,50.18,55.14,26.884,45.511,51.833,9.355,6.827,9.976,5.581,25.548,0.76,10.94,181.0,232.0,33.69,6.299,1.788,0.559,0.924,71.484,28.793,76.0,6.0,146.0,50.352,55.009,3124.082,76.0,48895.0,20.94,11.763,14.0,5.0,81.0,49.899,55.099,915.149,18.0,14323.0
143,24.037,27.882,55.339,28.968,22.503,52.085,10.367,7.08,11.301,2.708,147.803,0.36,11.666,90.0,206.0,150.101,4.315,4.173,0.24,0.577,23.136,11.566,12.0,6.0,54.0,28.365,55.742,555.811,21.0,8699.0,29.426,20.173,16.0,5.0,120.0,27.401,54.852,706.92,23.0,11064.0
144,8.119,57.358,53.83,11.641,55.625,52.085,4.045,3.034,4.398,2.351,153.455,0.753,4.642,220.0,208.0,150.642,2.91,1.871,0.535,0.873,36.252,9.194,33.0,13.0,57.0,57.284,53.675,294.167,37.0,4604.0,26.764,11.198,14.0,7.0,63.0,57.18,53.754,217.175,26.0,3399.0
145,0.895,80.151,52.844,3.157,79.645,52.338,1.011,1.011,1.226,0.929,45.0,1.0,1.43,315.0,211.0,45.0,1.011,1.319,0.758,0.933,13.071,2.056,13.0,10.0,16.0,80.15,52.819,11.693,13.0,183.0,34.214,10.04,28.0,17.0,53.0,80.122,52.774,30.605,36.0,479.0
146,56.641,110.038,56.84,36.824,103.918,52.338,13.148,8.344,14.072,5.125,22.5,0.525,15.307,411.0,238.0,30.801,6.15,2.746,0.364,0.842,51.78,25.599,60.0,6.0,116.0,110.314,56.804,2931.251,58.0,45877.0,19.896,12.105,10.0,2.0,71.0,109.586,56.697,1126.318,16.0,17628.0
147,45.709,93.871,56.45,26.107,89.759,52.591,7.838,7.585,7.988,7.286,34.571,0.843,9.003,355.0,232.0,38.157,7.585,1.096,0.912,0.935,65.105,30.522,67.0,7.0,155.0,93.873,56.294,2974.252,68.0,46550.0,16.617,14.23,9.0,2.0,94.0,93.567,56.028,759.121,12.0,11881.0
148,53.317,120.483,57.046,29.203,116.307,52.844,8.344,8.849,8.764,7.746,85.156,0.786,9.819,471.0,244.0,55.491,7.884,1.131,0.884,0.924,58.977,24.551,56.0,4.0,135.0,120.301,56.902,3142.739,61.0,49187.0,16.223,12.447,7.0,1.0,91.0,120.224,56.684,864.482,12.0,13530.0
149,35.864,3.865,56.745,33.58,0.253,53.35,9.861,7.585,9.156,4.987,11.496,0.4,10.969,1.0,241.0,25.974,7.33,1.836,0.545,0.669,40.783,16.545,24.0,10.0,100.0,3.754,56.804,1461.824,40.0,22879.0,23.068,9.382,16.0,6.0,61.0,3.958,56.668,826.848,21.0,12941.0
150,52.294,73.664,56.95,31.373,68.014,53.602,11.631,6.321,12.084,5.51,9.788,0.668,12.4,269.0,231.0,20.283,5.838,2.193,0.456,0.895,59.297,26.957,58.0,5.0,128.0,73.983,57.112,3099.164,64.0,48505.0,20.194,17.677,9.0,2.0,134.0,73.088,56.584,1055.46,13.0,16519.0
151,34.458,63.78,56.565,23.333,59.923,53.855,7.585,5.563,7.999,5.485,14.127,0.795,8.611,241.0,235.0,40.236,5.373,1.458,0.686,0.948,68.518,25.918,84.0,8.0,128.0,63.571,56.669,2359.658,74.0,36931.0,23.525,15.493,14.0,6.0,100.0,63.992,56.278,810.172,18.0,12680.0
152,30.047,17.188,58.526,26.378,13.401,54.361,8.091,7.838,10.032,3.813,38.629,0.543,11.09,53.0,245.0,43.152,4.692,2.631,0.38,0.806,68.791,25.772,66.0,9.0,146.0,17.064,58.582,2065.811,66.0,32332.0,21.5,15.019,13.0,4.0,98.0,16.852,58.517,645.646,16.0,10105.0
153,22.95,126.821,57.171,19.017,124.398,54.361,4.804,5.815,6.455,4.527,67.999,0.797,7.16,492.0,236.0,47.862,4.546,1.426,0.701,0.935,58.914,22.173,59.0,11.0,123.0,126.932,57.067,1351.352,60.0,21150.0,18.911,9.578,14.0,5.0,67.0,126.611,57.292,433.774,17.0,6789.0
154,17.261,101.323,57.913,19.768,97.85,54.867,6.574,5.31,7.71,2.85,34.329,0.555,8.45,387.0,238.0,38.928,3.668,2.705,0.37,0.818,23.23,5.81,21.0,12.0,45.0,101.404,57.761,400.741,23.0,6272.0,26.544,11.077,23.0,6.0,62.0,101.279,57.867,457.926,25.0,7167.0
155,37.334,24.595,58.336,23.788,20.986,55.119,7.838,6.574,7.555,6.292,175.618,0.829,8.294,88.0,218.0,142.431,6.574,1.201,0.833,0.93,92.223,39.208,108.0,8.0,176.0,24.747,58.08,3441.187,102.0,53858.0,18.356,16.29,10.0,3.0,133.0,24.179,58.621,684.94,14.0,10720.0
156,35.608,56.753,59.072,23.467,52.844,55.625,7.332,7.585,7.382,6.141,118.732,0.813,7.789,219.0,220.0,103.134,6.468,1.202,0.832,0.901,79.715,33.365,96.0,9.0,156.0,56.783,59.3,2836.944,84.0,44401.0,17.846,12.582,11.0,1.0,88.0,56.702,58.919,635.103,14.0,9940.0
157,45.901,83.938,58.711,27.303,78.887,55.625,10.114,6.574,9.534,6.13,2.346,0.774,10.267,312.0,234.0,9.926,6.574,1.555,0.643,0.919,61.926,21.975,69.0,6.0,115.0,83.912,58.706,2840.905,66.0,44463.0,18.78,12.176,13.0,4.0,90.0,83.682,58.727,861.543,15.0,13484.0
158,57.664,36.72,59.675,33.223,30.341,55.878,12.136,7.585,12.401,5.92,21.463,0.657,12.875,120.0,240.0,19.502,7.011,2.095,0.477,0.879,60.807,24.73,66.0,8.0,125.0,36.888,59.678,3504.441,65.0,54848.0,20.947,15.481,10.0,2.0,97.0,36.595,59.268,1207.207,15.0,18894.0
159,2.174,6.202,57.64,5.389,5.31,56.889,1.77,1.517,1.974,1.402,156.733,0.941,2.175,21.0,226.0,144.462,1.517,1.408,0.71,0.907,63.794,5.553,60.0,53.0,78.0,6.214,57.644,138.585,63.0,2169.0,18.059,4.843,12.0,9.0,28.0,6.161,57.633,39.231,18.0,614.0
160,3.005,43.981,58.172,6.339,43.236,57.142,1.517,2.023,2.261,1.692,94.791,0.94,2.528,171.0,226.0,126.87,1.517,1.336,0.748,0.989,15.17,3.192,17.0,8.0,21.0,43.969,58.162,45.556,15.0,713.0,40.766,12.212,34.0,16.0,66.0,43.989,58.057,122.42,41.0,1916.0
161,40.019,8.476,60.79,27.624,3.54,57.395,9.608,6.321,10.05,5.07,13.906,0.659,10.425,14.0,244.0,22.834,5.586,1.982,0.505,0.849,59.137,24.335,54.0,5.0,132.0,8.124,60.751,2365.345,60.0,37020.0,23.933,12.847,15.0,3.0,87.0,8.804,60.816,957.255,21.0,14982.0
162,65.847,112.125,62.849,35.848,104.676,58.154,13.653,8.344,12.958,6.47,21.682,0.644,14.314,414.0,260.0,17.475,6.898,2.003,0.499,0.911,54.181,26.954,67.0,5.0,120.0,112.635,62.68,3565.652,61.0,55806.0,17.317,12.326,9.0,2.0,85.0,111.518,62.896,1139.608,13.0,17836.0
163,47.947,51.054,62.284,29.289,46.523,58.659,9.608,7.332,10.425,5.856,150.577,0.702,11.642,184.0,235.0,145.62,6.73,1.78,0.562,0.911,57.633,26.0,65.0,6.0,158.0,50.902,62.027,2761.805,61.0,43225.0,24.916,14.46,16.0,3.0,98.0,51.089,62.323,1193.982,21.0,18687.0
164,58.879,62.714,63.558,33.345,56.889,59.165,11.631,8.597,11.549,6.491,31.211,0.665,13.237,225.0,261.0,28.523,7.863,1.779,0.562,0.871,55.904,28.23,17.0,9.0,131.0,63.052,63.49,3289.759,59.0,51488.0,23.099,18.87,10.0,2.0,113.0,62.17,63.709,1359.274,16.0,21274.0
165,30.75,77.616,62.844,21.224,74.588,59.671,6.321,6.068,6.428,6.091,28.872,0.858,7.187,296.0,259.0,39.289,6.068,1.055,0.948,0.94,74.638,34.95,85.0,10.0,163.0,77.499,62.765,2293.848,76.0,35901.0,18.293,13.205,14.0,1.0,72.0,77.748,62.974,562.201,14.0,8799.0
166,36.056,86.639,63.361,27.956,81.162,59.671,10.619,6.321,11.384,4.033,24.811,0.58,11.762,321.0,259.0,25.463,5.166,2.823,0.354,0.823,60.433,21.302,59.0,6.0,120.0,86.775,63.395,2177.753,61.0,34084.0,25.787,14.041,15.0,6.0,103.0,85.877,63.436,929.27,22.0,14544.0
167,58.623,41.686,64.796,30.781,37.421,59.923,8.597,9.608,11.33,6.588,49.745,0.778,12.369,149.0,274.0,49.145,7.316,1.72,0.581,0.941,86.204,34.052,89.0,8.0,175.0,41.407,64.819,5050.733,87.0,79049.0,17.933,14.286,10.0,0.0,106.0,41.647,64.635,1050.732,13.0,16445.0
168,37.207,101.261,65.251,27.512,97.344,60.176,6.827,10.114,11.196,4.231,66.162,0.618,11.197,388.0,278.0,64.592,5.035,2.646,0.378,0.842,33.397,16.902,13.0,7.0,81.0,101.747,64.547,1241.902,33.0,19437.0,18.861,12.593,11.0,3.0,81.0,101.041,65.218,701.361,15.0,10977.0
169,31.709,18.917,63.853,21.198,15.676,60.429,6.321,6.574,6.917,5.836,58.461,0.887,7.35,68.0,265.0,63.435,6.159,1.185,0.844,0.947,85.454,38.73,18.0,10.0,173.0,18.922,64.224,2708.134,95.0,42385.0,23.901,16.691,14.0,5.0,107.0,19.057,63.549,757.46,19.0,11855.0
170,45.581,70.355,64.418,27.118,65.739,60.429,8.344,7.585,9.316,6.23,41.946,0.779,10.586,260.0,267.0,40.156,6.888,1.495,0.669,0.946,65.174,25.123,70.0,10.0,137.0,70.458,64.57,2969.076,69.0,46469.0,16.098,12.958,10.0,2.0,94.0,70.042,64.432,733.372,12.0,11478.0
171,63.737,94.626,64.818,31.854,89.253,60.429,10.367,8.597,10.929,7.425,34.913,0.789,12.345,354.0,269.0,34.992,7.947,1.472,0.679,0.933,59.234,22.499,61.0,7.0,114.0,94.577,64.907,3773.306,63.0,59056.0,17.796,12.96,13.0,1.0,108.0,94.504,64.573,1133.666,14.0,17743.0
172,11.827,127.702,62.751,14.675,125.157,60.429,4.045,4.551,4.19,3.594,59.732,0.69,5.212,495.0,252.0,39.094,4.045,1.166,0.858,0.879,44.195,24.177,11.0,4.0,95.0,128.073,62.926,522.395,48.0,8176.0,25.065,15.068,13.0,7.0,79.0,127.409,62.424,296.275,19.0,4637.0
173,2.11,124.992,61.283,5.328,124.145,60.682,1.77,1.264,1.97,1.363,9.072,0.934,2.175,491.0,245.0,35.538,1.264,1.445,0.692,0.971,19.212,4.722,22.0,11.0,28.0,124.934,61.221,40.509,20.0,634.0,27.758,12.173,17.0,9.0,56.0,124.966,61.153,58.527,26.0,916.0
174,51.015,26.332,64.947,28.697,21.997,60.935,8.849,8.091,9.361,6.939,35.716,0.778,10.192,87.0,267.0,29.745,7.562,1.349,0.741,0.919,68.55,25.629,75.0,9.0,146.0,26.452,65.095,3495.177,70.0,54703.0,20.278,15.674,14.0,3.0,144.0,26.12,64.58,1033.928,16.0,16182.0
175,3.069,105.83,61.999,6.4,104.929,61.188,2.023,1.77,2.217,1.762,25.997,0.941,2.528,415.0,249.0,36.87,1.77,1.258,0.795,0.95,20.583,4.85,17.0,9.0,29.0,105.714,62.017,63.127,21.0,988.0,22.833,8.177,19.0,9.0,45.0,105.798,61.848,70.027,21.0,1096.0
176,18.475,1.981,64.327,17.056,0.253,61.441,4.045,5.815,5.733,4.103,87.035,0.798,6.341,1.0,266.0,66.501,4.045,1.397,0.716,0.935,54.114,27.478,14.0,9.0,132.0,1.681,64.002,999.234,57.0,15639.0,21.038,11.377,13.0,6.0,58.0,2.068,64.348,388.474,16.0,6080.0
177,55.426,118.593,66.681,31.864,113.526,61.946,10.619,9.608,12.577,5.611,41.059,0.686,12.763,449.0,276.0,33.69,6.097,2.241,0.446,0.901,52.749,29.85,18.0,6.0,142.0,118.479,66.992,2922.05,57.0,45733.0,19.661,17.854,10.0,1.0,116.0,117.979,66.588,1089.132,13.0,17046.0
178,1.343,14.213,63.409,4.316,13.401,62.958,1.517,1.011,1.694,1.009,168.951,0.906,1.823,53.0,249.0,146.31,1.011,1.679,0.595,0.933,11.524,3.894,10.0,6.0,23.0,14.261,63.341,15.462,10.0,242.0,30.714,9.078,26.0,14.0,52.0,14.222,63.345,41.211,30.0,645.0
179,57.216,10.237,66.942,32.865,4.298,63.716,12.136,7.08,11.462,6.356,179.873,0.666,12.304,17.0,262.0,170.538,6.775,1.803,0.554,0.88,60.581,28.763,16.0,7.0,138.0,10.091,66.957,3464.316,63.0,54220.0,20.884,14.306,13.0,4.0,89.0,10.333,66.625,1194.237,16.0,18691.0
180,39.828,33.562,67.162,24.825,29.582,63.716,7.332,7.08,7.393,6.859,158.965,0.812,8.416,125.0,252.0,122.735,6.668,1.078,0.928,0.943,72.764,26.787,66.0,10.0,149.0,33.542,67.187,2896.429,73.0,45332.0,17.657,13.963,9.0,2.0,94.0,33.705,66.992,702.831,13.0,11000.0
181,30.238,126.236,67.691,22.0,122.375,64.727,6.827,6.321,7.18,5.362,149.699,0.785,7.644,492.0,256.0,124.216,5.652,1.339,0.747,0.921,70.797,26.224,61.0,9.0,138.0,126.403,67.76,2139.608,69.0,33487.0,14.347,9.631,11.0,3.0,65.0,125.822,67.196,433.583,11.0,6786.0
182,15.599,47.576,66.746,17.178,44.5,64.98,6.574,3.793,6.709,2.96,18.922,0.664,7.24,176.0,272.0,24.775,3.438,2.266,0.441,0.907,83.074,30.432,98.0,13.0,153.0,47.907,66.612,1295.125,80.0,20270.0,25.881,13.458,13.0,7.0,85.0,47.41,66.752,403.489,22.0,6315.0
183,54.787,75.331,69.622,31.879,69.531,65.992,11.378,7.08,11.376,6.132,17.249,0.677,12.556,275.0,283.0,25.017,6.609,1.855,0.539,0.906,62.826,29.905,62.0,10.0,144.0,75.093,69.801,3440.164,65.0,53842.0,21.967,15.763,10.0,3.0,110.0,75.409,69.209,1202.863,16.0,18826.0
184,49.481,51.644,69.833,31.619,45.511,66.497,12.136,7.08,12.093,5.21,21.149,0.622,12.51,180.0,278.0,14.036,5.835,2.321,0.431,0.864,62.381,25.145,71.0,8.0,132.0,51.374,69.952,3084.979,67.0,48283.0,21.264,15.596,7.0,2.0,120.0,51.794,69.759,1051.562,16.0,16458.0
185,26.467,84.519,68.588,22.531,80.404,66.497,8.344,4.551,8.643,3.899,13.216,0.655,9.165,318.0,281.0,24.444,4.251,2.217,0.451,0.889,49.519,18.643,36.0,10.0,98.0,84.376,68.581,1309.885,48.0,20501.0,21.043,18.342,13.0,3.0,99.0,84.416,68.389,556.642,13.0,8712.0
186,51.846,106.695,69.516,32.359,100.884,66.497,11.884,6.321,12.267,5.381,12.34,0.622,13.121,399.0,288.0,25.084,6.152,2.279,0.439,0.898,35.54,23.498,11.0,4.0,116.0,107.535,69.248,1841.608,30.0,28823.0,26.858,17.684,18.0,4.0,116.0,106.408,69.806,1391.732,22.0,21782.0
187,43.727,3.087,72.088,26.194,0.506,67.509,6.068,9.102,9.284,5.997,85.191,0.801,9.518,3.0,303.0,73.009,6.068,1.548,0.646,0.952,90.781,24.515,74.0,26.0,167.0,2.975,72.265,3967.415,88.0,62094.0,19.143,12.376,14.0,3.0,99.0,3.107,71.572,836.624,16.0,13094.0
188,33.563,20.786,70.396,23.431,16.688,67.762,8.344,5.815,8.546,5.0,162.139,0.768,8.439,66.0,274.0,171.384,5.163,1.709,0.585,0.915,67.507,30.57,79.0,9.0,141.0,21.104,70.446,2264.456,72.0,35441.0,21.09,17.103,13.0,2.0,96.0,19.875,70.044,707.431,15.0,11072.0
189,5.69,59.502,69.019,8.99,58.406,67.762,2.528,2.781,3.027,2.393,68.259,0.885,3.402,232.0,279.0,48.013,2.528,1.265,0.791,0.932,34.652,6.751,30.0,23.0,52.0,59.495,68.964,197.048,34.0,3084.0,32.618,13.965,26.0,9.0,68.0,59.483,68.846,185.483,30.0,2903.0
190,30.366,64.765,70.564,22.445,60.935,68.267,8.091,5.057,8.278,4.671,9.983,0.757,8.707,242.0,287.0,25.821,5.057,1.772,0.564,0.929,26.282,12.906,14.0,8.0,68.0,65.594,70.425,797.649,23.0,12484.0,27.933,17.623,13.0,4.0,91.0,64.553,70.524,847.742,23.0,13268.0
191,53.892,92.737,72.764,29.325,88.242,69.026,9.355,8.344,8.763,7.831,4.278,0.788,9.861,349.0,276.0,157.38,8.176,1.119,0.894,0.915,58.289,28.119,71.0,8.0,132.0,92.465,72.774,3139.608,60.0,49138.0,18.673,15.699,9.0,1.0,107.0,93.238,72.361,1005.751,13.0,15741.0
192,46.924,121.909,72.783,27.808,116.56,69.279,10.619,6.321,10.129,5.898,6.588,0.763,10.86,461.0,293.0,12.095,6.321,1.717,0.582,0.933,56.663,21.288,55.0,6.0,136.0,121.966,72.874,2657.403,59.0,41591.0,19.733,11.525,14.0,3.0,73.0,121.402,72.763,925.436,17.0,14484.0
193,65.591,28.325,73.838,33.407,23.009,69.531,11.631,8.849,11.557,7.226,29.204,0.739,12.922,93.0,308.0,30.579,8.205,1.599,0.625,0.918,72.706,30.76,77.0,9.0,144.0,28.644,73.789,4766.214,78.0,74596.0,18.208,14.426,10.0,2.0,107.0,27.911,73.779,1193.598,14.0,18681.0
194,40.531,42.093,72.716,27.599,36.915,69.531,9.608,7.08,8.133,6.345,166.206,0.669,10.002,146.0,280.0,163.856,6.794,1.282,0.78,0.83,62.336,28.741,60.0,7.0,142.0,42.312,72.808,2525.143,65.0,39521.0,23.006,16.921,14.0,3.0,92.0,41.68,72.327,931.953,18.0,14586.0
195,74.221,11.27,74.587,34.443,5.31,69.784,10.872,9.608,11.706,8.073,28.536,0.786,12.489,21.0,305.0,31.759,8.076,1.45,0.69,0.939,81.694,33.145,98.0,9.0,162.0,11.088,74.652,6060.125,84.0,94847.0,18.35,12.407,14.0,2.0,91.0,11.538,74.151,1361.191,15.0,21304.0
196,1.215,57.242,70.816,3.811,56.637,70.29,1.264,1.011,1.403,1.102,167.179,1.0,1.619,224.0,278.0,141.34,1.011,1.273,0.785,0.974,31.474,4.937,32.0,21.0,39.0,57.219,70.807,38.208,32.0,598.0,28.947,5.967,22.0,21.0,42.0,57.198,70.801,35.142,29.0,550.0
197,42.768,84.494,73.992,25.627,80.151,71.048,8.597,6.068,8.974,6.068,178.46,0.818,9.501,317.0,285.0,154.799,6.068,1.479,0.676,0.952,67.531,24.111,73.0,11.0,130.0,84.664,74.188,2886.589,69.0,45178.0,18.972,13.791,10.0,3.0,90.0,83.887,73.464,810.939,14.0,12692.0
198,4.667,99.161,72.436,8.275,98.103,71.048,2.023,2.781,3.046,1.951,75.653,0.856,3.297,388.0,292.0,57.529,2.023,1.562,0.64,0.918,20.479,15.571,10.0,5.0,64.0,99.05,72.908,95.521,12.0,1495.0,44.384,20.011,35.0,18.0,118.0,99.058,72.295,207.016,40.0,3240.0
199,62.65,109.91,74.854,33.667,103.918,71.048,11.884,7.08,12.725,6.269,10.341,0.695,12.915,411.0,306.0,23.051,6.857,2.03,0.493,0.898,46.601,26.968,8.0,2.0,115.0,110.586,74.689,2917.961,55.0,45669.0,27.396,19.977,15.0,3.0,133.0,109.056,74.798,1715.418,20.0,26848.0
200,1.406,59.797,72.06,4.378,59.165,71.301,1.264,1.517,1.814,0.987,121.469,0.922,1.975,234.0,282.0,129.806,1.131,1.837,0.544,0.88,14.091,3.379,14.0,8.0,23.0,59.762,71.988,19.807,14.0,310.0,39.682,8.994,32.0,22.0,64.0,59.753,72.027,55.779,40.0,873.0
201,45.262,54.824,75.435,26.291,51.074,71.807,8.344,7.838,9.375,6.147,38.452,0.823,9.848,202.0,311.0,41.878,6.509,1.525,0.656,0.941,67.247,36.723,16.0,5.0,170.0,54.618,75.446,3042.043,68.0,47611.0,21.629,15.542,10.0,3.0,119.0,54.695,75.249,978.404,17.0,15313.0
202,1.598,128.57,72.439,4.464,127.938,71.807,1.264,1.264,1.427,1.427,0.0,1.0,1.788,506.0,284.0,135.0,1.264,1.0,1.0,1.0,14.68,3.625,11.0,10.0,23.0,128.535,72.396,23.449,13.0,367.0,31.72,13.452,23.0,14.0,64.0,128.468,72.384,50.668,27.0,793.0
203,54.915,34.322,77.203,33.616,27.307,72.06,11.884,8.849,12.278,5.695,32.853,0.611,12.915,108.0,315.0,23.051,6.905,2.156,0.464,0.812,52.69,28.633,16.0,9.0,130.0,34.591,76.672,2891.893,54.0,45261.0,19.261,13.933,9.0,0.0,83.0,34.209,77.419,1057.121,14.0,16545.0
204,30.75,19.53,76.146,22.148,16.688,72.313,6.068,7.08,7.436,5.265,126.817,0.788,8.45,67.0,286.0,128.928,5.767,1.412,0.708,0.929,72.462,30.859,66.0,9.0,143.0,19.294,76.41,2226.951,73.0,34854.0,19.545,13.506,13.0,2.0,94.0,19.606,75.936,600.665,16.0,9401.0
205,32.092,69.313,74.831,24.677,64.727,72.313,9.608,4.551,9.629,4.244,0.86,0.662,9.691,256.0,292.0,172.504,4.551,2.269,0.441,0.909,48.871,24.623,13.0,7.0,117.0,69.915,74.731,1567.504,50.0,24533.0,26.315,17.885,14.0,4.0,99.0,68.614,74.53,844.036,20.0,13210.0
206,3.58,78.349,73.762,7.054,77.117,72.818,2.276,1.77,2.49,1.831,13.468,0.904,2.735,305.0,294.0,33.69,1.77,1.36,0.735,0.957,12.839,2.599,12.0,7.0,18.0,78.373,73.754,45.94,13.0,719.0,35.607,18.287,20.0,14.0,89.0,78.225,73.624,127.404,29.0,1994.0
207,64.568,59.629,79.224,36.563,52.591,73.324,11.884,10.619,12.48,6.588,39.683,0.607,13.536,208.0,324.0,32.8,7.762,1.894,0.528,0.801,55.901,25.858,59.0,3.0,127.0,59.871,79.03,3607.438,56.0,56460.0,24.585,17.217,11.0,3.0,120.0,59.278,79.024,1586.544,19.0,24831.0
208,1.406,75.738,74.232,4.168,75.094,73.577,1.264,1.264,1.519,1.179,40.583,1.0,1.788,297.0,296.0,45.0,1.264,1.288,0.776,0.936,24.909,6.879,18.0,15.0,38.0,75.653,74.271,35.014,25.0,548.0,34.182,16.306,22.0,12.0,68.0,75.691,74.087,48.048,32.0,752.0
209,48.714,97.75,77.612,30.817,92.54,73.577,10.619,8.091,12.091,5.13,31.633,0.645,12.698,367.0,321.0,35.272,6.007,2.357,0.424,0.883,55.97,25.36,51.0,5.0,126.0,97.707,77.552,2725.002,57.0,42649.0,28.102,18.06,10.0,3.0,101.0,97.709,77.625,1368.22,23.0,21414.0
210,56.513,122.319,78.325,37.391,115.043,73.83,13.653,8.344,12.508,5.753,12.014,0.508,14.24,455.0,308.0,16.504,6.815,2.174,0.46,0.769,49.647,24.513,60.0,5.0,126.0,121.929,78.691,2804.167,51.0,43888.0,20.295,10.964,13.0,2.0,81.0,122.376,78.105,1146.317,18.0,17941.0
211,32.092,46.382,77.089,25.218,41.213,74.083,9.355,6.068,9.583,4.264,22.255,0.634,10.002,163.0,309.0,20.726,4.976,2.248,0.445,0.843,59.235,38.085,9.0,4.0,168.0,45.891,77.536,1899.943,66.0,29736.0,22.52,15.162,13.0,3.0,104.0,46.331,76.77,722.318,18.0,11305.0
212,1.598,116.798,75.746,4.23,116.054,75.094,1.517,1.264,1.582,1.286,171.464,1.0,1.696,459.0,298.0,153.435,1.264,1.23,0.813,0.909,24.56,4.312,26.0,18.0,35.0,116.802,75.755,39.231,25.0,614.0,24.32,9.155,23.0,14.0,46.0,116.776,75.646,38.847,23.0,608.0
213,52.997,77.585,78.906,28.401,72.566,75.347,9.861,7.08,9.797,6.887,171.318,0.826,9.977,287.0,307.0,171.254,6.983,1.422,0.703,0.937,61.841,21.302,63.0,9.0,129.0,77.426,78.755,3275.574,62.0,51266.0,20.759,12.275,14.0,3.0,130.0,77.258,79.167,1099.547,18.0,17209.0
214,46.86,3.651,80.912,27.057,0.253,77.117,8.091,7.585,8.186,7.289,5.939,0.804,9.193,2.0,335.0,31.504,7.485,1.123,0.89,0.947,78.888,29.713,74.0,11.0,152.0,3.403,81.082,3694.653,81.0,57825.0,16.769,11.38,10.0,3.0,77.0,3.793,80.669,785.381,14.0,12292.0
215,51.015,87.134,80.464,28.303,82.426,77.117,9.355,6.574,9.971,6.515,12.159,0.8,10.538,327.0,330.0,30.256,6.401,1.53,0.653,0.949,62.393,29.212,65.0,6.0,147.0,86.945,80.105,3181.267,67.0,49790.0,19.754,15.336,11.0,2.0,118.0,86.925,80.711,1007.22,15.0,15764.0
216,40.339,68.531,80.368,25.244,64.222,77.37,8.597,6.321,8.31,6.181,174.14,0.795,8.777,254.0,317.0,168.366,6.321,1.344,0.744,0.928,75.365,25.842,72.0,5.0,150.0,68.528,80.399,3038.465,74.0,47555.0,18.629,10.361,14.0,2.0,72.0,68.235,80.037,751.07,16.0,11755.0
217,8.183,128.368,80.123,12.591,127.179,77.37,2.023,5.31,5.126,2.032,87.238,0.649,5.364,508.0,306.0,98.13,2.023,2.522,0.396,0.948,55.156,28.747,17.0,10.0,100.0,128.576,80.173,451.089,59.0,7060.0,21.805,15.221,14.0,7.0,77.0,128.054,79.983,178.327,16.0,2791.0
218,40.531,14.062,81.101,28.906,8.849,78.128,11.631,5.563,11.124,4.639,10.36,0.61,11.902,35.0,327.0,12.265,5.036,2.398,0.417,0.885,71.401,32.492,77.0,8.0,153.0,13.664,81.123,2892.34,73.0,45268.0,19.784,13.574,12.0,0.0,83.0,14.167,81.062,801.419,16.0,12543.0
219,44.942,38.899,82.491,25.453,35.145,78.381,7.585,7.585,8.363,6.843,43.972,0.872,9.003,140.0,338.0,38.157,7.399,1.222,0.818,0.951,64.417,27.516,79.0,9.0,149.0,39.024,82.661,2893.426,68.0,45285.0,22.718,15.312,14.0,2.0,95.0,38.498,82.206,1020.446,18.0,15971.0
220,63.354,106.265,82.866,34.776,101.389,78.381,10.367,10.619,11.488,7.022,49.0,0.658,12.062,401.0,339.0,33.024,7.704,1.636,0.611,0.846,48.844,24.952,58.0,4.0,117.0,106.169,83.25,3092.71,52.0,48404.0,20.2,14.829,10.0,2.0,84.0,106.345,82.227,1279.024,14.0,20018.0
221,7.288,114.047,79.823,10.359,112.515,78.381,3.287,2.781,3.724,2.492,148.445,0.853,4.147,445.0,311.0,142.431,2.777,1.494,0.669,0.931,14.026,4.429,15.0,7.0,31.0,114.203,79.863,102.166,13.0,1599.0,30.702,15.305,24.0,9.0,79.0,113.857,79.699,223.628,26.0,3500.0
222,49.161,24.767,82.956,27.241,20.986,78.887,8.344,8.091,8.052,7.773,42.222,0.832,9.328,85.0,342.0,32.829,8.041,1.036,0.965,0.924,70.031,33.596,90.0,5.0,165.0,24.891,83.294,3440.931,73.0,53854.0,30.137,20.294,15.0,2.0,124.0,24.028,82.649,1480.736,23.0,23175.0
223,62.586,95.589,84.98,40.88,89.253,78.887,13.906,10.872,15.827,5.035,33.737,0.471,17.098,355.0,354.0,38.395,6.552,3.144,0.318,0.78,42.377,29.774,11.0,4.0,124.0,94.428,86.066,2650.758,31.0,41487.0,29.166,19.943,15.0,3.0,110.0,96.063,84.145,1824.421,23.0,28554.0
224,40.019,47.448,82.315,25.453,42.73,79.139,9.102,6.068,9.656,5.277,21.692,0.776,10.292,169.0,336.0,27.824,5.582,1.83,0.547,0.939,75.243,43.073,16.0,5.0,158.0,47.411,82.648,3009.521,84.0,47102.0,20.43,16.068,10.0,1.0,102.0,47.848,81.886,817.136,15.0,12789.0
225,4.667,118.404,82.096,8.755,116.813,80.909,3.034,2.528,3.708,1.602,145.35,0.765,3.95,462.0,320.0,140.194,1.809,2.314,0.432,0.89,35.301,11.928,25.0,13.0,67.0,118.296,81.904,164.654,35.0,2577.0,24.973,7.701,27.0,7.0,47.0,118.381,82.136,116.478,24.0,1823.0
226,35.736,31.237,85.318,24.146,27.307,81.668,7.332,7.332,8.605,5.288,48.462,0.77,9.134,108.0,348.0,41.634,6.125,1.627,0.614,0.901,61.225,24.011,62.0,11.0,133.0,31.081,85.478,2186.762,64.0,34225.0,17.601,15.248,9.0,1.0,86.0,31.403,84.749,628.65,11.0,9839.0
227,60.093,112.947,85.882,32.186,107.711,81.668,11.125,8.344,11.585,6.604,24.169,0.729,12.22,426.0,353.0,24.444,7.277,1.754,0.57,0.902,53.813,26.792,63.0,6.0,128.0,113.234,85.778,3231.999,58.0,50584.0,16.699,12.91,9.0,0.0,80.0,112.73,85.867,1002.939,12.0,15697.0
228,37.59,123.685,84.783,27.303,118.33,81.668,10.367,6.321,10.42,4.593,18.556,0.634,11.128,468.0,347.0,21.318,5.079,2.269,0.441,0.862,32.738,15.43,12.0,6.0,66.0,124.419,84.558,1229.954,34.0,19250.0,20.058,13.718,9.0,2.0,81.0,123.142,84.58,753.562,15.0,11794.0
229,1.982,92.781,82.659,5.031,92.034,81.921,1.517,1.517,1.846,1.367,47.318,0.984,2.145,364.0,330.0,45.0,1.517,1.35,0.741,0.939,10.387,2.348,12.0,6.0,16.0,92.8,82.644,20.574,11.0,322.0,47.129,11.06,44.0,27.0,77.0,92.71,82.6,93.349,46.0,1461.0
230,25.572,18.042,85.302,19.497,14.918,82.426,5.815,5.563,6.141,5.302,17.215,0.845,6.675,59.0,343.0,37.304,5.528,1.158,0.863,0.943,61.09,25.539,36.0,16.0,135.0,17.908,85.583,1561.306,60.0,24436.0,25.637,17.319,14.0,1.0,112.0,18.47,84.979,655.23,19.0,10255.0
231,33.627,63.733,85.36,23.492,59.923,82.426,8.597,5.815,7.959,5.38,8.407,0.766,8.63,237.0,335.0,174.958,5.736,1.479,0.676,0.925,79.278,25.829,81.0,7.0,142.0,63.557,85.264,2664.367,81.0,41700.0,23.156,12.413,15.0,5.0,73.0,63.488,85.159,778.225,20.0,12180.0
232,45.709,75.441,85.009,30.694,69.279,82.426,12.642,5.563,11.696,4.976,5.62,0.61,12.892,274.0,339.0,11.31,5.563,2.35,0.425,0.91,53.597,22.385,39.0,10.0,117.0,74.834,85.188,2448.534,53.0,38322.0,25.905,17.313,18.0,2.0,117.0,76.094,84.628,1183.439,21.0,18522.0
233,46.796,47.098,87.185,35.578,41.466,82.932,13.148,8.091,13.661,4.361,21.276,0.465,14.7,164.0,355.0,26.565,5.584,3.132,0.319,0.755,62.705,34.383,9.0,4.0,154.0,46.015,87.719,2932.721,67.0,45900.0,21.941,16.033,10.0,2.0,102.0,47.504,86.856,1026.197,17.0,16061.0
234,35.289,4.362,87.01,25.898,0.506,83.438,8.597,6.574,9.503,4.728,29.987,0.661,10.523,2.0,356.0,35.218,5.722,2.01,0.498,0.881,63.699,23.455,62.0,13.0,145.0,4.528,87.099,2246.63,63.0,35162.0,18.295,12.774,9.0,2.0,80.0,3.982,87.119,645.262,14.0,10099.0
235,32.284,56.328,87.26,22.098,52.338,83.943,7.585,6.574,6.988,5.882,13.154,0.831,7.735,207.0,344.0,168.69,6.32,1.188,0.842,0.904,55.321,22.68,59.0,12.0,120.0,55.895,87.224,1784.998,54.0,27937.0,22.661,14.963,9.0,3.0,82.0,56.387,86.69,731.199,19.0,11444.0
236,63.545,80.413,88.593,43.975,72.818,83.943,16.688,9.355,17.129,4.724,26.812,0.413,18.208,289.0,363.0,25.498,6.567,3.626,0.276,0.724,55.357,26.768,64.0,6.0,128.0,79.797,88.969,3515.751,59.0,55025.0,23.241,13.821,14.0,2.0,83.0,80.038,88.574,1476.072,20.0,23102.0
237,37.846,10.286,88.319,26.291,6.321,84.449,7.838,8.344,10.109,4.767,52.582,0.688,10.468,31.0,367.0,52.853,5.049,2.121,0.472,0.887,68.331,23.862,66.0,11.0,149.0,10.196,88.348,2584.628,68.0,40452.0,18.13,12.25,11.0,1.0,94.0,10.245,88.162,685.771,14.0,10733.0
238,53.7,99.367,90.24,28.707,94.057,86.219,10.367,7.838,10.036,6.813,17.813,0.819,10.613,372.0,362.0,12.381,7.276,1.473,0.679,0.935,66.614,25.86,64.0,9.0,154.0,99.088,90.073,3575.236,66.0,55956.0,14.682,9.888,9.0,2.0,70.0,99.955,90.116,788.001,12.0,12333.0
239,6.201,128.591,88.611,12.32,127.685,86.219,1.517,5.31,5.603,1.409,94.055,0.513,5.405,507.0,341.0,100.784,1.517,3.976,0.252,0.919,51.701,18.876,43.0,15.0,85.0,128.642,88.903,320.427,54.0,5015.0,24.804,9.727,17.0,10.0,59.0,128.439,88.418,153.728,23.0,2406.0
240,27.17,68.845,89.265,20.928,64.98,86.472,7.332,5.057,7.429,4.657,174.673,0.78,7.935,257.0,350.0,157.521,4.979,1.595,0.627,0.929,62.906,18.202,66.0,14.0,112.0,68.672,89.319,1708.198,65.0,26735.0,18.442,12.307,10.0,2.0,62.0,68.963,88.988,500.799,14.0,7838.0
241,83.683,35.36,91.204,39.71,28.065,86.725,14.412,8.849,13.878,7.677,18.185,0.667,14.782,111.0,374.0,12.848,8.035,1.808,0.553,0.901,69.911,34.188,79.0,6.0,165.0,35.516,91.314,5847.104,75.0,91513.0,17.839,16.744,9.0,0.0,136.0,34.73,91.071,1491.982,12.0,23351.0
242,42.768,124.277,90.805,25.565,120.605,87.23,7.332,7.08,7.823,6.961,146.047,0.822,8.806,477.0,351.0,140.826,7.08,1.124,0.89,0.949,62.46,22.439,71.0,6.0,115.0,124.032,90.622,2669.862,66.0,41786.0,14.336,9.476,9.0,1.0,72.0,123.999,90.467,612.804,12.0,9591.0
243,43.6,24.02,90.693,26.255,19.722,87.483,9.102,6.321,8.786,6.318,8.179,0.795,9.766,78.0,369.0,21.251,6.321,1.391,0.719,0.926,72.965,29.884,83.0,12.0,151.0,23.901,90.93,3179.478,75.0,49762.0,16.909,15.65,6.0,0.0,95.0,24.045,90.176,736.822,11.0,11532.0
244,35.992,85.139,91.236,24.687,80.404,87.483,8.597,7.08,9.471,4.839,38.015,0.742,9.964,318.0,370.0,35.707,4.963,1.957,0.511,0.928,64.345,26.852,71.0,7.0,129.0,85.032,91.408,2314.613,68.0,36226.0,18.52,11.725,13.0,3.0,81.0,85.066,91.29,666.22,15.0,10427.0
245,43.727,15.037,91.527,29.535,9.608,87.736,10.114,7.332,9.997,5.569,28.265,0.63,11.542,38.0,373.0,28.811,6.781,1.795,0.557,0.859,57.892,29.217,42.0,14.0,142.0,15.847,91.088,2530.063,52.0,39598.0,19.086,13.743,10.0,2.0,91.0,14.409,92.106,834.132,14.0,13055.0
246,68.596,114.641,92.958,33.284,108.722,88.495,11.125,8.849,11.987,7.286,30.471,0.778,13.053,430.0,378.0,31.535,8.013,1.645,0.608,0.934,55.249,25.37,58.0,6.0,134.0,114.997,93.067,3787.746,57.0,59282.0,18.04,13.38,9.0,1.0,111.0,114.134,92.488,1236.79,14.0,19357.0
247,49.737,49.455,92.275,31.619,42.73,88.747,12.389,6.827,11.651,5.435,9.492,0.625,12.698,169.0,372.0,12.653,5.996,2.144,0.466,0.877,63.212,31.646,74.0,5.0,149.0,49.818,92.4,3142.228,67.0,49179.0,22.064,16.71,11.0,3.0,97.0,48.696,92.055,1096.799,16.0,17166.0
248,43.536,60.473,92.26,26.822,55.625,89.0,9.355,6.321,9.635,5.753,16.03,0.76,9.76,220.0,372.0,16.557,6.188,1.675,0.597,0.913,78.119,26.859,81.0,9.0,154.0,60.597,92.301,3399.081,81.0,53199.0,20.012,13.165,14.0,2.0,98.0,60.181,92.0,870.743,16.0,13628.0
249,14.895,107.107,91.868,14.798,104.929,89.759,4.551,4.551,4.592,4.13,143.985,0.855,5.206,417.0,355.0,119.055,4.183,1.112,0.9,0.921,24.253,5.509,20.0,11.0,42.0,106.983,91.918,361.063,24.0,5651.0,24.678,12.732,13.0,5.0,70.0,106.929,91.637,367.389,21.0,5750.0
250,40.147,91.242,94.049,26.439,86.219,90.517,9.861,6.068,8.631,5.922,178.213,0.722,9.942,341.0,378.0,7.306,6.068,1.457,0.686,0.897,45.653,21.831,17.0,10.0,109.0,91.203,94.249,1831.832,43.0,28670.0,17.033,14.637,7.0,2.0,102.0,90.965,93.791,683.471,12.0,10697.0
251,23.526,2.953,92.832,20.151,0.253,90.77,6.574,5.057,6.828,4.387,17.297,0.728,7.372,2.0,379.0,30.964,5.057,1.556,0.643,0.921,60.122,23.181,70.0,16.0,116.0,2.759,92.929,1413.648,63.0,22125.0,16.606,14.008,10.0,2.0,90.0,3.189,92.454,390.454,11.0,6111.0
252,48.394,68.932,94.898,29.77,64.222,91.782,10.872,6.827,10.44,5.902,14.982,0.686,11.423,257.0,390.0,27.699,6.796,1.769,0.565,0.911,52.968,25.025,56.0,7.0,127.0,68.273,94.956,2561.946,53.0,40097.0,18.76,13.323,9.0,1.0,97.0,69.502,94.644,907.354,15.0,14201.0
253,66.614,100.792,97.298,34.653,94.057,93.046,12.642,8.091,12.292,6.9,17.228,0.697,13.712,372.0,396.0,22.782,7.556,1.781,0.561,0.904,59.45,29.55,64.0,5.0,156.0,101.202,97.31,3958.023,62.0,61947.0,17.702,13.926,9.0,1.0,88.0,100.232,96.799,1178.519,13.0,18445.0
254,30.111,5.552,96.849,22.567,1.77,93.551,7.585,6.068,8.167,4.694,27.879,0.743,8.649,7.0,392.0,37.875,5.279,1.74,0.575,0.922,74.694,29.979,69.0,20.0,168.0,5.564,96.88,2247.844,72.0,35181.0,16.31,10.57,9.0,2.0,64.0,5.494,96.493,490.831,13.0,7682.0
255,2.174,26.043,94.563,5.598,25.031,93.804,2.023,1.517,2.351,1.177,30.532,0.871,2.528,99.0,377.0,36.87,1.357,1.997,0.501,0.895,15.412,3.125,15.0,11.0,24.0,26.05,94.532,33.48,15.0,524.0,28.265,10.311,20.0,5.0,57.0,26.14,94.432,61.402,28.0,961.0
256,67.317,35.71,99.247,36.762,30.088,93.804,11.631,9.861,12.493,6.861,39.603,0.626,14.926,119.0,408.0,38.811,8.009,1.821,0.549,0.892,54.75,27.358,65.0,5.0,135.0,35.882,99.034,3683.599,59.0,57652.0,19.443,16.874,13.0,1.0,113.0,35.195,99.001,1308.16,14.0,20474.0
257,30.366,78.835,96.187,23.16,74.588,93.804,9.102,4.551,8.971,4.31,0.493,0.711,9.273,295.0,383.0,11.004,4.551,2.082,0.48,0.906,39.328,17.859,22.0,7.0,83.0,79.238,96.21,1193.598,39.0,18681.0,21.495,17.317,9.0,2.0,105.0,78.292,95.983,652.355,15.0,10210.0
258,1.918,128.722,94.866,5.328,128.191,93.804,1.011,2.023,2.225,1.098,85.183,0.849,2.261,507.0,379.0,63.435,1.011,2.027,0.493,0.968,14.967,2.297,14.0,10.0,19.0,128.697,94.813,28.688,15.0,449.0,31.5,11.41,43.0,15.0,51.0,128.662,94.786,60.38,35.0,945.0
259,33.499,19.681,96.992,25.305,16.182,94.057,8.091,7.08,8.627,4.944,37.805,0.657,10.114,64.0,399.0,36.87,5.688,1.745,0.573,0.868,49.115,18.264,56.0,7.0,99.0,19.731,96.865,1644.368,50.0,25736.0,18.903,14.992,9.0,1.0,88.0,19.33,96.775,632.867,13.0,9905.0
260,63.098,121.763,98.095,31.088,116.56,94.057,10.872,8.597,10.05,7.994,20.327,0.82,11.162,461.0,389.0,13.092,8.582,1.257,0.795,0.94,63.154,27.511,77.0,9.0,131.0,121.119,98.175,3982.686,68.0,62333.0,13.394,9.626,6.0,0.0,76.0,121.855,97.76,844.675,11.0,13220.0
261,39.572,53.246,98.339,24.171,50.063,94.31,6.321,7.838,8.182,6.158,65.439,0.851,8.846,199.0,403.0,59.036,6.321,1.329,0.753,0.946,69.688,34.132,59.0,8.0,161.0,52.993,98.337,2756.182,71.0,43137.0,21.197,13.889,14.0,1.0,90.0,53.075,98.173,838.349,17.0,13121.0
262,77.098,44.78,99.855,34.05,39.443,94.816,10.114,9.355,10.506,9.343,33.87,0.836,11.851,156.0,407.0,33.69,9.355,1.124,0.889,0.962,76.521,34.497,99.0,7.0,165.0,45.081,99.55,5896.366,83.0,92284.0,17.862,13.212,7.0,1.0,101.0,44.548,99.889,1376.334,13.0,21541.0
263,40.275,12.305,98.429,25.688,7.838,95.068,8.344,6.574,9.032,5.678,28.373,0.767,9.964,32.0,400.0,35.707,6.216,1.591,0.629,0.925,66.257,24.582,68.0,13.0,129.0,11.932,98.629,2667.051,69.0,41742.0,18.103,12.169,9.0,2.0,73.0,12.275,98.409,728.708,14.0,11405.0
264,8.375,29.138,96.455,13.306,26.296,95.574,5.563,1.77,5.969,1.787,179.916,0.594,5.654,104.0,383.0,10.305,1.77,3.341,0.299,0.9,21.321,4.084,22.0,13.0,32.0,29.168,96.443,178.455,21.0,2793.0,31.916,10.245,28.0,14.0,73.0,29.185,96.425,267.14,31.0,4181.0
265,36.887,60.634,98.526,22.889,57.142,95.574,7.08,6.068,7.451,6.303,174.075,0.885,7.809,226.0,381.0,150.945,6.068,1.182,0.846,0.951,69.841,33.43,66.0,7.0,141.0,60.11,98.405,2574.788,76.0,40298.0,24.645,17.545,12.0,4.0,110.0,60.56,98.532,908.568,18.0,14220.0
266,63.481,87.307,99.974,33.197,81.668,95.827,11.884,8.091,11.562,6.991,5.888,0.724,12.205,323.0,396.0,13.173,7.69,1.654,0.605,0.887,46.469,23.684,13.0,5.0,122.0,86.965,100.261,2948.311,51.0,46144.0,18.718,13.887,10.0,1.0,91.0,86.925,99.668,1187.592,14.0,18587.0
267,25.891,106.942,99.777,26.143,101.389,96.08,9.355,6.827,9.462,3.484,38.121,0.476,10.884,401.0,407.0,30.735,4.47,2.716,0.368,0.719,28.052,8.221,33.0,7.0,55.0,107.148,99.748,725.896,29.0,11361.0,21.089,14.128,13.0,2.0,97.0,106.615,99.792,545.716,17.0,8541.0
268,2.301,0.632,98.103,6.993,0.253,96.586,0.759,3.034,3.424,0.856,90.0,0.591,3.127,1.0,382.0,104.036,0.759,4.0,0.25,1.0,44.472,17.152,26.0,16.0,72.0,0.575,98.263,102.294,43.0,1601.0,19.139,6.651,15.0,8.0,37.0,0.649,97.907,44.023,19.0,689.0
269,25.252,127.117,101.377,22.593,123.892,96.586,5.31,7.838,7.935,4.052,63.05,0.622,9.116,491.0,412.0,56.31,5.019,1.958,0.511,0.902,57.38,31.175,71.0,7.0,129.0,127.48,100.818,1448.151,61.0,22665.0,17.008,14.909,9.0,2.0,81.0,126.513,101.501,429.238,11.0,6718.0
270,70.45,67.518,102.498,42.31,60.176,96.838,14.159,11.884,16.008,5.603,38.045,0.495,18.101,238.0,430.0,41.035,7.159,2.857,0.35,0.823,37.359,23.564,14.0,5.0,113.0,68.151,101.95,2630.503,32.0,41170.0,23.043,16.508,9.0,2.0,99.0,67.038,102.573,1622.453,18.0,25393.0
271,100.496,23.648,103.023,41.682,16.94,97.091,13.401,11.884,14.314,8.94,40.162,0.727,16.489,67.0,426.0,35.64,9.608,1.601,0.625,0.92,65.368,30.029,79.0,6.0,133.0,23.089,103.146,6565.652,71.0,102759.0,19.218,12.731,11.0,0.0,97.0,23.651,102.746,1930.292,16.0,30211.0
272,72.495,113.574,103.022,33.616,107.963,98.103,11.125,9.355,10.074,9.162,1.869,0.806,11.355,427.0,404.0,168.44,9.355,1.1,0.909,0.917,76.225,31.938,79.0,8.0,158.0,113.818,103.095,5522.907,79.0,86439.0,14.329,12.354,9.0,0.0,95.0,113.07,102.917,1038.209,10.0,16249.0
273,52.294,77.123,102.485,28.253,72.06,98.861,9.861,7.08,9.517,6.996,17.248,0.823,10.192,285.0,413.0,29.745,7.08,1.36,0.735,0.935,50.74,17.819,57.0,8.0,99.0,76.909,102.558,2651.908,55.0,41505.0,17.579,13.566,9.0,2.0,97.0,76.993,102.112,918.791,13.0,14380.0
274,30.047,3.609,102.484,21.372,0.253,99.872,7.08,5.31,7.417,5.158,4.774,0.827,7.935,1.0,414.0,30.651,5.096,1.438,0.695,0.936,79.436,26.725,75.0,14.0,151.0,3.304,102.54,2385.471,77.0,37335.0,16.517,10.926,9.0,2.0,65.0,3.684,102.269,496.007,13.0,7763.0
275,11.891,54.099,102.935,19.916,49.81,100.884,8.091,3.793,8.291,1.826,17.138,0.377,8.477,197.0,412.0,17.354,2.61,4.54,0.22,0.656,22.516,7.998,28.0,8.0,62.0,54.643,102.757,267.587,22.0,4188.0,27.806,15.005,10.0,6.0,75.0,53.53,102.935,330.458,24.0,5172.0
276,56.769,95.187,104.23,30.102,89.253,100.884,11.378,7.08,10.982,6.582,11.342,0.787,11.843,353.0,417.0,16.113,7.08,1.669,0.599,0.945,60.368,28.564,65.0,5.0,137.0,95.506,104.398,3425.149,65.0,53607.0,20.195,13.709,13.0,0.0,122.0,94.91,104.06,1145.806,16.0,17933.0
277,63.162,11.707,105.24,33.544,5.815,101.642,11.631,7.08,12.008,6.697,14.617,0.705,12.838,26.0,430.0,32.125,6.854,1.793,0.558,0.912,60.948,27.309,62.0,7.0,143.0,11.394,105.508,3847.487,65.0,60217.0,20.041,12.825,13.0,2.0,110.0,11.552,105.114,1265.159,16.0,19801.0
278,53.189,56.816,106.869,31.68,51.833,102.401,10.367,9.102,12.006,5.641,42.134,0.666,12.996,205.0,436.0,37.093,6.615,2.128,0.47,0.905,49.695,23.456,55.0,3.0,107.0,56.412,107.054,2641.749,53.0,41346.0,20.498,12.923,13.0,2.0,90.0,57.023,106.601,1089.643,16.0,17054.0
279,67.637,103.591,107.445,34.74,96.586,103.159,12.642,7.838,11.997,7.178,15.891,0.704,13.001,382.0,435.0,13.496,7.691,1.671,0.598,0.913,54.345,27.353,12.0,6.0,137.0,103.945,107.23,3673.696,59.0,57497.0,19.205,15.656,9.0,1.0,104.0,103.083,107.459,1298.256,14.0,20319.0
280,10.804,120.341,105.41,16.734,117.319,103.412,5.815,4.551,6.958,1.977,39.251,0.485,7.385,464.0,427.0,38.047,2.826,3.519,0.284,0.728,26.663,13.529,10.0,7.0,70.0,119.753,105.827,287.905,24.0,4506.0,28.698,17.64,13.0,5.0,76.0,120.457,105.171,309.884,25.0,4850.0
281,37.718,32.407,106.068,32.569,26.296,103.665,13.653,5.31,12.953,3.707,13.789,0.447,14.314,104.0,429.0,17.475,5.1,3.494,0.286,0.81,28.197,15.406,14.0,7.0,67.0,31.782,106.393,1062.936,25.0,16636.0,21.38,14.923,10.0,3.0,99.0,32.548,105.683,805.955,17.0,12614.0
282,49.161,84.357,107.261,28.733,78.634,103.918,10.619,7.08,9.852,6.354,175.496,0.748,10.727,311.0,427.0,8.13,6.744,1.551,0.645,0.92,61.736,24.776,65.0,6.0,147.0,84.747,107.208,3033.353,63.0,47475.0,19.29,15.545,10.0,1.0,91.0,84.004,106.848,947.799,14.0,14834.0
283,45.453,47.667,107.581,26.465,42.983,104.424,9.355,6.321,9.373,6.174,10.72,0.816,10.002,170.0,431.0,20.726,6.186,1.518,0.659,0.936,61.554,28.391,72.0,9.0,135.0,47.499,107.688,2796.308,65.0,43765.0,20.602,15.517,11.0,3.0,88.0,47.66,107.153,935.915,15.0,14648.0
284,14.192,40.559,106.954,16.019,37.673,104.929,5.563,4.298,5.738,3.149,28.748,0.695,6.11,149.0,425.0,24.444,3.453,1.822,0.549,0.857,17.306,3.719,17.0,6.0,28.0,40.615,106.918,245.48,17.0,3842.0,27.279,14.353,17.0,5.0,74.0,40.628,106.861,386.94,23.0,6056.0
285,52.805,124.279,108.878,29.351,119.847,104.929,8.849,8.344,9.385,7.164,37.712,0.77,10.751,480.0,448.0,48.814,7.769,1.31,0.763,0.905,60.771,28.252,20.0,5.0,126.0,124.224,109.142,3207.272,66.0,50197.0,15.568,11.898,9.0,1.0,79.0,124.238,108.101,821.609,11.0,12859.0
286,64.952,69.982,108.85,36.502,63.463,105.182,14.412,7.838,14.042,5.889,13.764,0.613,14.84,251.0,436.0,13.799,6.524,2.384,0.419,0.878,40.774,21.346,17.0,8.0,105.0,69.912,108.823,2646.86,37.0,41426.0,22.656,15.064,9.0,1.0,103.0,69.919,108.725,1470.769,18.0,23019.0
287,33.371,2.707,109.029,22.531,0.253,105.435,5.563,7.332,7.516,5.653,90.879,0.826,7.935,3.0,417.0,112.479,5.563,1.329,0.752,0.953,70.075,25.121,64.0,17.0,146.0,2.409,108.841,2337.168,68.0,36579.0,16.138,9.667,9.0,2.0,54.0,3.046,108.769,538.24,14.0,8424.0
288,37.782,34.794,111.153,23.579,31.605,107.458,6.574,7.585,7.862,6.118,60.473,0.854,8.416,128.0,453.0,57.265,6.574,1.285,0.778,0.942,71.745,46.457,12.0,5.0,184.0,35.259,111.268,2709.157,79.0,42401.0,25.452,21.566,15.0,5.0,135.0,34.074,111.383,961.089,18.0,15042.0
289,52.613,91.231,111.721,28.758,86.978,107.458,8.849,8.344,9.899,6.767,38.586,0.799,10.781,346.0,457.0,39.289,7.585,1.463,0.684,0.931,55.882,22.708,67.0,13.0,122.0,91.222,111.371,2938.535,56.0,45991.0,22.33,15.898,14.0,2.0,108.0,91.143,111.969,1174.238,18.0,18378.0
290,5.818,111.921,108.69,10.236,109.986,107.963,4.045,1.517,4.456,1.662,2.733,0.698,4.321,435.0,433.0,20.556,1.517,2.681,0.373,0.978,10.879,3.109,10.0,4.0,21.0,111.975,108.619,63.255,10.0,990.0,39.198,15.633,27.0,19.0,96.0,111.638,108.711,227.909,35.0,3567.0
291,58.111,115.726,112.453,31.164,110.492,108.216,10.114,7.838,10.162,7.281,178.276,0.752,11.09,437.0,437.0,155.772,7.838,1.396,0.717,0.903,56.341,20.895,61.0,9.0,130.0,116.065,112.497,3272.252,58.0,51214.0,22.03,11.74,14.0,3.0,87.0,115.456,112.203,1279.471,19.0,20025.0
292,56.961,17.338,112.779,32.457,12.136,108.469,10.619,9.608,11.819,6.137,42.988,0.679,12.763,48.0,461.0,33.69,6.888,1.926,0.519,0.901,57.064,25.148,66.0,6.0,120.0,17.026,113.056,3248.611,60.0,50844.0,25.21,18.387,14.0,3.0,126.0,17.23,112.505,1435.18,20.0,22462.0
293,50.76,9.413,112.462,29.412,4.298,108.975,10.114,7.332,9.771,6.614,28.203,0.737,11.307,17.0,451.0,26.565,7.266,1.477,0.677,0.937,61.247,21.521,68.0,7.0,116.0,9.255,112.511,3107.15,64.0,48630.0,21.759,13.733,14.0,2.0,93.0,9.502,112.205,1103.891,17.0,17277.0
294,39.38,81.292,112.327,26.797,76.358,108.975,9.861,6.574,10.384,4.829,156.335,0.689,10.757,302.0,435.0,156.448,5.445,2.15,0.465,0.899,46.765,21.546,16.0,10.0,107.0,80.866,112.261,1840.586,49.0,28807.0,20.339,14.137,9.0,2.0,88.0,81.182,112.173,800.524,15.0,12529.0
295,2.685,128.823,110.745,8.004,128.444,108.975,0.759,3.54,3.994,0.856,90.0,0.527,3.62,508.0,431.0,102.095,0.759,4.667,0.214,1.0,41.524,12.26,54.0,20.0,63.0,128.816,110.511,111.431,41.0,1744.0,31.0,15.175,18.0,7.0,76.0,128.762,111.124,83.19,29.0,1302.0
296,47.947,27.268,112.832,26.551,23.514,109.228,7.585,7.838,8.072,7.563,71.172,0.855,9.204,99.0,463.0,52.815,7.509,1.067,0.937,0.947,63.175,41.506,11.0,6.0,160.0,27.155,112.965,3027.347,62.0,47381.0,24.473,18.088,14.0,4.0,117.0,27.286,112.686,1172.769,18.0,18355.0
297,5.434,42.577,110.725,9.174,40.96,109.228,3.034,3.034,3.928,1.761,134.658,0.811,3.95,163.0,432.0,129.806,1.967,2.23,0.448,0.881,18.824,4.192,22.0,10.0,28.0,42.682,110.811,102.23,19.0,1600.0,32.153,14.68,24.0,12.0,100.0,42.54,110.578,174.621,29.0,2733.0
298,60.157,59.754,113.704,31.619,54.108,109.48,11.378,7.838,10.572,7.245,9.154,0.756,11.479,214.0,456.0,7.595,7.824,1.459,0.685,0.898,54.768,34.231,11.0,5.0,164.0,59.59,113.415,3292.889,59.0,51537.0,25.725,20.211,9.0,2.0,126.0,59.688,113.624,1546.675,18.0,24207.0
299,40.978,38.521,115.426,29.004,33.628,109.986,8.344,9.861,9.547,5.465,53.829,0.612,10.246,147.0,474.0,74.249,6.422,1.747,0.572,0.779,71.154,28.242,72.0,10.0,131.0,38.551,115.396,2914.191,77.0,45610.0,20.705,15.879,9.0,3.0,110.0,38.132,115.753,847.997,15.0,13272.0
300,27.106,106.545,113.303,21.852,103.159,110.239,6.574,6.574,7.81,4.419,34.762,0.713,8.45,413.0,462.0,51.072,4.842,1.768,0.566,0.899,46.026,26.324,18.0,9.0,125.0,106.932,113.345,1246.885,43.0,19515.0,23.783,16.999,11.0,3.0,79.0,106.36,113.065,644.304,17.0,10084.0
301,77.482,47.326,115.354,38.402,39.949,110.997,13.653,9.102,13.498,7.309,26.286,0.66,15.743,158.0,475.0,29.859,8.08,1.847,0.541,0.892,61.357,29.639,71.0,4.0,146.0,47.026,115.322,4751.455,68.0,74365.0,20.469,16.019,10.0,2.0,114.0,47.095,115.196,1585.139,15.0,24809.0
302,72.176,73.238,115.347,35.613,66.245,110.997,13.653,8.597,12.019,7.646,174.02,0.715,13.987,262.0,450.0,167.471,8.42,1.572,0.636,0.911,67.32,24.22,65.0,11.0,150.0,73.09,115.558,4856.176,67.0,76004.0,19.933,13.021,13.0,2.0,93.0,72.621,114.865,1437.864,15.0,22504.0
303,11.763,99.206,112.204,16.637,96.08,110.997,6.827,2.276,7.339,2.041,176.587,0.534,6.943,380.0,447.0,10.491,2.276,3.597,0.278,0.858,30.364,11.485,28.0,11.0,68.0,99.736,112.254,356.974,28.0,5587.0,27.005,12.217,19.0,9.0,72.0,98.908,112.06,317.488,25.0,4969.0
304,52.358,19.725,118.559,31.742,14.412,112.767,9.861,9.861,11.673,5.711,41.541,0.653,12.917,59.0,485.0,49.764,6.369,2.044,0.489,0.88,48.215,21.164,57.0,8.0,110.0,20.184,118.236,2523.034,50.0,39488.0,25.148,15.812,13.0,3.0,97.0,19.5,118.577,1315.955,21.0,20596.0
305,22.439,124.823,115.339,19.829,121.364,112.767,6.321,5.815,5.873,4.865,31.717,0.717,6.808,480.0,456.0,21.801,5.626,1.207,0.828,0.902,65.046,31.039,86.0,11.0,129.0,125.051,115.591,1458.757,72.0,22831.0,18.499,10.59,11.0,3.0,67.0,124.702,115.052,414.862,15.0,6493.0
306,8.95,1.228,115.292,13.245,0.253,113.02,2.528,5.057,5.007,2.276,80.061,0.641,5.206,1.0,467.0,60.945,2.528,2.2,0.454,0.892,50.093,19.575,45.0,16.0,94.0,1.035,115.184,448.086,49.0,7013.0,19.7,5.649,15.0,7.0,40.0,1.25,115.255,176.219,20.0,2758.0
307,64.696,97.508,117.246,32.395,91.529,113.779,12.136,7.838,11.519,7.151,9.466,0.775,12.231,362.0,460.0,172.875,7.689,1.611,0.621,0.939,56.337,23.178,66.0,5.0,123.0,97.53,117.277,3642.771,61.0,57013.0,18.376,14.661,10.0,2.0,100.0,97.241,116.993,1188.231,13.0,18597.0
308,7.16,128.218,116.869,12.591,126.674,114.032,2.528,4.804,4.979,1.831,70.048,0.568,5.429,501.0,470.0,62.241,2.291,2.72,0.368,0.852,71.795,18.534,73.0,19.0,104.0,128.104,117.083,513.769,76.0,8041.0,24.402,9.561,18.0,8.0,57.0,128.241,116.512,174.621,23.0,2733.0
309,46.988,110.342,119.162,30.904,105.688,114.79,9.608,8.344,9.501,6.297,31.534,0.618,10.403,419.0,479.0,25.942,7.503,1.509,0.663,0.827,55.74,22.046,60.0,4.0,129.0,110.019,119.503,2617.661,57.0,40969.0,21.254,11.9,14.0,3.0,99.0,110.168,119.061,998.147,18.0,15622.0
310,12.466,4.785,117.069,13.725,2.528,115.043,4.804,3.54,4.958,3.201,163.459,0.832,5.038,10.0,461.0,162.474,3.54,1.549,0.646,0.92,32.087,7.065,30.0,20.0,70.0,4.857,117.1,399.783,31.0,6257.0,23.349,10.994,18.0,5.0,64.0,4.877,117.186,290.908,22.0,4553.0
311,53.892,29.626,119.54,36.231,22.25,115.296,13.906,7.08,12.028,5.705,8.569,0.516,14.182,88.0,484.0,11.31,6.871,2.109,0.474,0.82,41.587,21.901,16.0,6.0,108.0,30.389,119.706,2239.985,41.0,35058.0,26.67,16.607,14.0,3.0,84.0,29.549,119.172,1436.522,20.0,22483.0
312,6.393,84.99,116.606,10.42,82.932,115.296,3.793,2.528,3.867,2.105,17.207,0.74,4.185,328.0,464.0,25.017,2.441,1.837,0.544,0.877,12.23,3.516,11.0,6.0,22.0,85.065,116.561,78.142,12.0,1223.0,46.29,15.753,39.0,14.0,105.0,84.973,116.496,295.764,43.0,4629.0
313,52.677,66.292,120.358,27.548,61.946,116.054,9.102,8.597,9.062,7.401,144.185,0.872,9.297,247.0,466.0,157.62,7.579,1.224,0.817,0.93,60.203,28.376,73.0,7.0,129.0,66.319,120.445,3169.575,66.0,49607.0,20.535,18.637,10.0,3.0,100.0,65.934,120.143,1081.145,13.0,16921.0
314,1.662,81.376,116.686,4.378,80.656,116.054,1.517,1.264,1.642,1.289,161.915,1.0,1.823,319.0,459.0,146.31,1.264,1.274,0.785,0.929,11.115,2.718,10.0,6.0,17.0,81.306,116.663,18.465,11.0,289.0,38.808,10.628,31.0,23.0,69.0,81.336,116.628,64.469,37.0,1009.0
315,2.429,107.484,116.8,5.747,106.446,116.054,2.023,1.517,2.04,1.516,1.827,0.924,2.175,421.0,464.0,35.538,1.517,1.346,0.743,0.894,46.368,11.31,54.0,28.0,66.0,107.546,116.807,112.581,46.0,1762.0,23.395,7.685,19.0,12.0,45.0,107.355,116.806,56.801,22.0,889.0
316,57.216,118.932,120.306,29.361,113.779,116.054,10.114,8.344,9.777,7.451,29.333,0.834,10.715,450.0,484.0,19.29,7.975,1.312,0.762,0.93,61.022,25.381,55.0,5.0,128.0,118.801,120.352,3489.554,63.0,54615.0,17.644,12.321,13.0,1.0,93.0,118.701,120.361,1008.945,14.0,15791.0
317,3.964,53.855,117.249,7.264,52.591,116.307,2.528,1.77,2.65,1.905,4.894,0.944,2.827,208.0,467.0,26.565,1.77,1.391,0.719,0.954,16.613,3.117,15.0,9.0,25.0,53.908,117.202,65.811,16.0,1030.0,27.081,11.127,19.0,10.0,55.0,53.876,117.112,107.278,24.0,1679.0
318,48.266,88.414,120.788,28.881,83.943,116.56,9.608,8.091,9.147,6.719,34.999,0.727,10.155,332.0,490.0,18.886,7.463,1.361,0.735,0.887,44.311,20.727,47.0,9.0,100.0,88.002,120.925,2137.564,45.0,33455.0,20.936,16.77,10.0,2.0,105.0,88.47,120.328,1009.968,15.0,15807.0
319,53.317,8.331,120.896,32.273,2.528,117.066,11.631,7.838,12.28,5.528,25.303,0.643,12.785,10.0,491.0,24.538,5.999,2.221,0.45,0.874,54.716,24.464,57.0,6.0,122.0,8.126,121.087,2915.661,58.0,45633.0,20.903,13.495,13.0,2.0,77.0,8.145,120.522,1113.859,17.0,17433.0
320,14.895,58.332,119.162,17.352,54.867,117.824,6.574,2.781,7.119,2.664,0.478,0.622,6.957,217.0,475.0,19.093,2.781,2.672,0.374,0.876,14.335,4.947,11.0,4.0,30.0,58.068,119.258,213.405,14.0,3340.0,34.33,21.795,14.0,6.0,105.0,58.327,118.872,511.086,29.0,7999.0
321,75.756,76.877,122.132,41.855,68.773,117.824,15.929,8.849,16.725,5.767,22.878,0.543,17.431,272.0,497.0,23.962,6.832,2.9,0.345,0.827,60.082,30.365,10.0,6.0,152.0,77.594,121.829,4549.039,64.0,71197.0,20.717,17.216,10.0,1.0,108.0,75.888,122.185,1568.59,14.0,24550.0
322,57.025,101.835,123.438,31.706,96.838,118.33,10.114,8.849,10.146,7.156,23.987,0.713,11.265,383.0,499.0,44.091,7.63,1.418,0.705,0.898,65.456,28.532,65.0,5.0,127.0,101.56,123.959,3730.561,70.0,58387.0,19.494,14.821,9.0,2.0,88.0,102.165,122.753,1111.047,14.0,17389.0
323,41.298,49.904,122.48,27.118,46.776,118.583,7.332,8.344,9.401,5.593,57.476,0.706,10.55,185.0,500.0,45.971,6.501,1.681,0.595,0.901,36.206,17.761,16.0,8.0,84.0,49.488,123.158,1494.41,34.0,23389.0,25.406,17.445,11.0,2.0,126.0,49.706,122.167,1048.623,21.0,16412.0
324,9.717,1.519,120.617,12.382,0.253,118.836,3.034,4.045,4.388,2.82,70.75,0.796,4.857,1.0,486.0,51.34,3.034,1.556,0.643,0.953,66.007,12.598,55.0,38.0,99.0,1.489,120.636,641.045,65.0,10033.0,21.112,9.157,19.0,7.0,50.0,1.657,120.594,205.035,19.0,3209.0
325,4.411,125.972,120.285,7.917,124.651,119.341,2.781,1.77,3.085,1.82,168.841,0.884,3.297,493.0,472.0,147.529,1.77,1.695,0.59,0.958,17.855,4.962,12.0,10.0,28.0,126.034,120.202,78.717,17.0,1232.0,30.362,13.627,26.0,9.0,71.0,125.95,120.286,133.857,27.0,2095.0
326,1.215,128.716,120.253,3.811,128.191,119.594,1.011,1.264,1.403,1.102,77.179,1.0,1.619,507.0,478.0,51.34,1.011,1.273,0.785,0.974,24.263,3.588,23.0,19.0,32.0,128.688,120.211,29.455,24.0,461.0,32.0,13.102,16.0,15.0,62.0,128.656,120.324,38.847,29.0,608.0
327,53.7,42.274,124.372,30.745,37.926,120.1,8.344,8.597,9.867,6.929,54.94,0.714,11.622,150.0,508.0,45.881,7.652,1.424,0.702,0.906,54.571,22.571,60.0,6.0,115.0,42.526,124.389,2928.887,58.0,45840.0,23.683,17.344,13.0,4.0,106.0,42.042,124.031,1271.101,18.0,19894.0
328,43.855,34.845,125.26,27.624,30.341,120.605,8.091,8.091,9.731,5.738,45.1,0.722,10.919,122.0,509.0,47.816,6.7,1.696,0.59,0.915,60.717,33.567,20.0,7.0,141.0,34.842,125.754,2661.3,67.0,41652.0,24.771,19.053,11.0,2.0,107.0,34.869,124.658,1085.746,18.0,16993.0
329,65.975,57.322,124.727,33.075,51.833,120.858,11.884,7.838,11.887,7.066,13.97,0.758,12.474,205.0,505.0,17.7,7.664,1.682,0.594,0.936,54.3,26.771,16.0,7.0,132.0,56.685,124.753,3580.475,57.0,56038.0,23.086,16.713,9.0,1.0,114.0,57.325,124.793,1522.267,18.0,23825.0
330,57.472,125.158,125.624,30.98,119.847,121.617,9.355,7.585,9.767,7.492,17.061,0.753,11.732,474.0,509.0,37.117,7.585,1.304,0.767,0.949,73.669,29.724,74.0,10.0,167.0,125.219,125.847,4231.552,77.0,66228.0,16.736,11.783,10.0,2.0,70.0,124.643,125.086,961.345,13.0,15046.0
331,37.526,91.928,125.678,27.895,86.725,122.123,9.608,7.08,10.94,4.367,30.272,0.606,11.786,343.0,511.0,35.395,4.681,2.505,0.399,0.889,69.935,26.377,72.0,12.0,148.0,91.728,125.967,2622.964,73.0,41052.0,19.801,15.457,10.0,2.0,111.0,92.054,124.958,742.636,15.0,11623.0
332,24.101,9.799,125.621,22.69,6.321,122.375,7.838,6.321,9.377,3.273,36.622,0.588,9.714,26.0,509.0,38.66,4.163,2.865,0.349,0.876,44.615,17.461,53.0,7.0,92.0,9.383,125.775,1074.692,46.0,16820.0,18.973,8.779,14.0,5.0,56.0,9.972,125.469,457.032,16.0,7153.0
333,27.681,26.681,124.306,23.691,22.25,122.375,9.355,3.793,9.725,3.624,2.305,0.62,9.835,88.0,498.0,17.969,3.793,2.684,0.373,0.909,51.303,16.469,51.0,14.0,111.0,26.729,124.425,1419.335,51.0,22214.0,20.358,13.076,13.0,2.0,87.0,26.752,124.076,563.223,17.0,8815.0
334,45.07,16.437,126.142,29.473,10.367,122.628,11.125,6.574,11.736,4.89,24.655,0.652,12.795,41.0,511.0,29.604,5.642,2.4,0.417,0.923,55.991,27.446,49.0,5.0,126.0,15.687,126.535,2522.14,53.0,39474.0,24.346,17.718,13.0,3.0,104.0,16.997,125.574,1096.671,19.0,17164.0
335,47.243,111.711,126.1,27.563,106.699,122.881,10.114,5.815,10.153,5.925,2.436,0.781,10.267,422.0,502.0,9.926,5.815,1.714,0.584,0.955,58.368,25.644,67.0,9.0,141.0,111.51,126.237,2755.991,59.0,43134.0,18.104,13.616,9.0,2.0,95.0,111.397,125.63,854.834,13.0,13379.0
336,1.982,0.934,124.321,5.18,0.253,123.64,1.517,1.517,1.786,1.413,45.001,0.928,2.145,1.0,495.0,45.0,1.517,1.263,0.791,0.939,11.129,2.986,10.0,7.0,18.0,0.891,124.275,22.043,10.0,345.0,30.323,10.303,18.0,15.0,54.0,0.961,124.202,60.06,31.0,940.0
337,5.818,78.596,125.327,10.063,76.611,124.145,3.793,2.276,4.24,1.747,21.33,0.722,4.298,303.0,499.0,28.072,1.919,2.427,0.412,0.905,74.934,8.308,77.0,53.0,92.0,78.553,125.304,435.691,75.0,6819.0,18.692,6.356,13.0,9.0,48.0,78.591,125.277,108.683,18.0,1701.0
338,31.325,80.943,126.977,37.503,72.06,124.145,15.423,4.551,13.493,2.956,7.852,0.28,15.672,285.0,506.0,10.222,4.551,4.565,0.219,0.611,31.467,15.295,27.0,5.0,77.0,81.03,126.924,985.177,29.0,15419.0,26.647,17.06,22.0,4.0,99.0,80.808,126.745,834.26,21.0,13057.0
339,19.562,3.089,127.349,17.352,0.253,124.904,5.563,4.298,5.715,4.359,7.792,0.816,6.381,1.0,511.0,33.69,4.298,1.311,0.763,0.94,66.582,24.032,74.0,7.0,121.0,2.968,127.547,1301.77,72.0,20374.0,21.082,15.306,15.0,1.0,82.0,3.161,126.734,412.178,15.0,6451.0
340,2.365,65.421,125.502,5.685,64.475,124.904,2.023,1.264,2.199,1.37,8.748,0.92,2.385,255.0,499.0,32.005,1.264,1.605,0.623,0.974,13.865,3.831,10.0,8.0,25.0,65.379,125.486,32.777,14.0,513.0,51.432,17.788,36.0,21.0,90.0,65.383,125.499,121.59,50.0,1903.0
341,7.288,118.27,126.944,11.161,116.813,125.157,2.781,3.54,4.185,2.217,67.794,0.735,4.502,462.0,509.0,51.843,2.373,1.887,0.53,0.891,21.772,6.126,21.0,8.0,45.0,118.344,126.727,158.584,22.0,2482.0,28.447,16.754,13.0,5.0,91.0,118.207,126.821,207.207,25.0,3243.0
342,20.329,66.991,127.994,21.607,62.705,125.915,8.849,3.287,8.968,2.886,179.517,0.547,8.979,248.0,505.0,170.272,3.287,3.107,0.322,0.875,38.041,28.606,12.0,6.0,99.0,66.23,128.315,772.922,22.0,12097.0,39.06,21.227,22.0,11.0,114.0,66.961,127.7,793.624,32.0,12421.0
343,14.32,23.302,127.959,16.698,19.722,126.674,7.08,2.528,7.114,2.563,6.908,0.645,7.436,78.0,511.0,17.819,2.528,2.776,0.36,0.943,53.723,18.502,57.0,15.0,91.0,22.988,127.982,768.897,58.0,12034.0,23.817,16.977,16.0,5.0,112.0,22.925,127.833,340.873,19.0,5335.0
344,0.767,28.824,127.053,2.947,28.318,126.674,1.011,0.759,1.141,0.856,0.0,1.0,1.264,112.0,501.0,143.13,0.759,1.333,0.75,1.0,29.583,4.926,32.0,22.0,36.0,28.804,126.992,22.682,32.0,355.0,22.5,7.217,20.0,11.0,37.0,28.777,126.97,17.251,21.0,270.0
345,13.617,102.862,128.295,18.598,98.608,126.926,7.838,2.276,8.26,2.099,3.72,0.495,7.903,390.0,507.0,172.648,2.276,3.935,0.254,0.928,46.62,17.076,49.0,5.0,81.0,102.966,128.241,634.464,51.0,9930.0,36.681,23.208,26.0,11.0,156.0,102.329,128.192,499.201,31.0,7813.0
346,12.019,47.671,128.414,18.363,43.489,127.179,8.091,2.023,8.15,1.878,0.67,0.448,8.126,172.0,508.0,174.644,2.023,4.341,0.23,0.866,43.878,19.813,56.0,8.0,99.0,47.867,128.489,527.059,44.0,8249.0,33.904,16.791,29.0,5.0,98.0,47.34,128.245,407.258,30.0,6374.0
347,6.521,96.013,128.317,10.15,94.057,127.179,3.793,2.023,3.981,2.086,3.591,0.795,3.998,372.0,506.0,161.565,2.023,1.909,0.524,0.958,74.961,28.491,97.0,21.0,130.0,95.697,128.378,488.531,81.0,7646.0,29.029,10.23,27.0,9.0,57.0,96.175,128.233,189.189,28.0,2961.0
348,3.452,60.64,128.369,7.473,59.165,127.432,2.781,1.77,2.98,1.475,20.449,0.777,3.168,234.0,510.0,28.61,1.737,2.021,0.495,0.878,22.074,9.259,13.0,10.0,45.0,60.364,128.398,76.161,19.0,1192.0,40.407,12.427,34.0,21.0,93.0,60.579,128.304,139.416,39.0,2182.0
349,2.557,28.571,128.696,6.487,27.307,128.191,2.528,1.011,2.853,1.141,0.0,0.764,2.723,108.0,507.0,158.199,1.011,2.5,0.4,1.0,23.825,8.208,16.0,13.0,43.0,28.465,128.719,60.891,22.0,953.0,39.75,16.434,37.0,15.0,77.0,28.591,128.563,101.591,37.0,1590.0
350,1.406,92.586,128.731,4.316,91.782,128.191,1.517,1.011,1.679,1.067,10.074,0.949,1.823,363.0,511.0,33.69,1.011,1.573,0.636,0.957,91.409,14.352,80.0,70.0,120.0,92.535,128.714,128.49,90.0,2011.0,19.273,5.101,14.0,10.0,29.0,92.59,128.67,27.091,19.0,424.0
351,0.959,57.774,128.823,3.453,57.142,128.444,1.264,0.759,1.427,0.856,0.0,1.0,1.474,226.0,508.0,149.036,0.759,1.667,0.6,1.0,41.667,6.195,37.0,32.0,54.0,57.773,128.809,39.934,41.0,625.0,32.667,8.338,28.0,19.0,46.0,57.716,128.782,31.308,31.0,490.0
352,2.301,81.162,128.823,6.993,79.645,128.444,3.034,0.759,3.424,0.856,0.0,0.591,3.127,315.0,508.0,165.964,0.759,4.0,0.25,1.0,39.278,15.156,25.0,18.0,87.0,81.013,128.851,90.346,35.0,1414.0,26.667,7.476,20.0,15.0,50.0,81.196,128.764,61.338,25.0,960.0
